1585296676.973680, 19, 9.1, 16, -0.1
1585296677.023690, 18.9, 9.4, 16, -0.11
1585296677.073721, 18.9, 9.7, 16, -0.12
1585296677.123747, 18.9, 10, 16, -0.11
1585296677.173727, 19.1, 9.9, 16, -0.11
1585296677.223755, 19, 10.2, 16, -0.1
1585296677.273719, 19.1, 11, 16, -0.09
1585296677.323789, 19, 11.2, 17, -0.08
1585296677.373775, 19.1, 11.6, 18, -0.04
1585296677.423758, 19, 12.1, 19, -0.02
1585296677.473733, 19, 12.3, 17, 0.01
1585296677.523771, 19, 13, 16, 0.04
1585296677.573761, 19.1, 13.4, 16, 0.07
1585296677.623816, 19, 13.8, 15, 0.1
1585296677.673771, 19.1, 14.1, 13, 0.1
1585296677.723795, 19, 14.2, 9, 0.1
1585296677.773760, 19.1, 14.3, 7, 0.09
1585296677.823815, 19, 14.5, 8, 0.07
1585296677.873764, 19.1, 14.6, 10, 0.02
1585296677.923832, 19, 14.9, 11, 0.01
1585296677.973836, 19.1, 15.6, 11, -0.02
1585296678.023789, 19, 16, 13, -0.05
1585296678.073816, 19.1, 16.7, 15, -0.1
1585296678.123842, 19, 17.2, 14, -0.11
1585296678.173836, 19.1, 18.6, 14, -0.1
1585296678.223856, 19, 19.4, 12, -0.08
1585296678.273831, 19.1, 20.6, 15, -0.06
1585296678.323884, 19, 21.6, 15, -0.03
1585296678.373847, 19.1, 22.1, 13, 0.01
1585296678.423867, 19, 22.7, 13, 0.06
1585296678.473842, 19.1, 23.4, 14, 0.07
1585296678.523876, 19, 24.4, 13, 0.1
1585296678.573887, 19.1, 24.8, 13, 0.1
1585296678.623908, 19, 25.7, 12, 0.09
1585296678.673889, 19.1, 26, 13, 0.05
1585296678.723857, 19, 26.3, 13, 0.04
1585296678.773917, 19.1, 26.6, 14, 0.02
1585296678.823972, 19, 27, 14, 0.03
1585296678.873914, 19.1, 27.3, 14, 0.02
1585296678.923908, 19, 27.3, 14, 0.01
1585296678.973945, 19.1, 27.1, 14, 0
1585296679.023952, 19, 27.2, 14, 0.02
1585296679.073875, 19.1, 27.3, 14, 0.02
1585296679.123898, 19, 27.7, 14, 0.02
1585296679.173955, 19.1, 27.8, 14, 0
1585296679.223955, 19, 27.9, 14, -0.01
1585296679.273959, 19.1, 28.2, 14, 0.01
1585296679.323960, 19, 28.7, 13, 0.02
1585296679.373959, 19.2, 29.4, 13, 0.01
1585296679.423936, 19, 29.8, 13, 0.02
1585296679.473966, 19.1, 29.9, 13, 0.02
1585296679.523973, 19, 30, 12, 0.02
1585296679.574023, 19.1, 31.1, 12, 0.01
1585296679.623956, 19, 32.4, 11, 0.02
1585296679.673970, 19.1, 33.2, 11, 0.01
1585296679.723991, 19, 34.1, 11, 0.01
1585296679.773968, 19.1, 35.8, 11, -0.01
1585296679.824003, 19, 36.9, 11, -0.01
1585296679.874058, 19.2, 36.9, 11, -0.01
1585296679.923997, 19, 36.9, 10, 0.01
1585296679.974027, 19.1, 37.4, 11, 0.01
1585296680.023964, 19, 38.2, 10, 0.02
1585296680.074039, 19.2, 38.8, 8, 0.01
1585296680.124059, 19, 38.8, 8, 0.02
1585296680.174054, 19.2, 38.4, 7, 0.01
1585296680.224087, 19.1, 38.9, 6, 0.02
1585296680.274009, 19.2, 40.2, 6, 0.01
1585296680.324053, 19.1, 41.1, 5, 0.02
1585296680.374118, 19.2, 41.5, 6, 0.02
1585296680.424025, 19, 42.2, 5, 0.02
1585296680.474077, 19.3, 43.1, 5, 0.02
1585296680.574159, 19.1, 44.5, 5, 0.02
1585296680.624092, 19.1, 44.9, 4, 0.02
1585296682.224241, 19, 44, 7, -0.02
1585296682.274258, 19.1, 43, 7, -0.02
1585296682.324244, 19, 41.6, 6, -0.02
1585296682.374280, 19.2, 40.2, 8, -0.02
1585296682.424257, 19, 38.9, 7, -0.02
1585296682.474258, 19.2, 38.9, 9, -0.02
1585296682.524332, 19, 38.8, 9, -0.02
1585296682.574280, 19.2, 38.7, 10, -0.02
1585296682.624321, 19, 38.3, 10, -0.04
1585296682.674281, 19.1, 37.9, 10, -0.03
1585296682.724299, 19, 37, 9, -0.04
1585296682.774281, 19.1, 36.9, 10, -0.04
1585296682.824321, 19, 36.7, 10, -0.04
1585296682.874328, 19.2, 37, 10, -0.03
1585296682.924300, 19, 36.7, 10, -0.02
1585296682.974322, 19.1, 36.4, 10, -0.02
1585296683.024326, 19, 35.4, 10, -0.02
1585296683.074323, 19.1, 34.1, 10, -0.02
1585296683.124337, 19, 33.5, 9, -0.02
1585296683.174374, 19.1, 33.2, 10, -0.02
1585296683.224343, 19.1, 32.4, 10, -0.02
1585296683.274326, 19.2, 31.7, 10, -0.01
1585296683.324337, 19, 31.1, 11, -0.01
1585296683.374376, 19.2, 30.6, 11, -0.01
1585296683.424384, 19, 30, 11, -0.01
1585296683.474382, 19.1, 30, 11, -0.01
1585296683.524376, 19, 29.8, 11, -0.01
1585296683.574380, 19.1, 29.6, 12, -0.01
1585296683.624340, 19, 29.4, 11, -0.01
1585296683.674373, 19.2, 29.2, 11, -0.02
1585296683.724427, 19, 29, 10, -0.02
1585296683.774383, 19.2, 28.7, 10, -0.02
1585296683.824440, 19, 28.4, 9, -0.03
1585296683.874393, 19.2, 28.3, 9, -0.03
1585296683.924488, 19, 28.1, 9, -0.04
1585296683.974449, 19.2, 27.7, 10, -0.03
1585296684.024484, 19, 27.2, 10, -0.02
1585296684.074469, 19.1, 26.7, 11, -0.02
1585296684.124461, 19, 25.7, 11, -0.01
1585296684.174486, 19.1, 24.8, 11, 0
1585296684.224447, 19, 24.4, 11, 0.02
1585296684.274513, 19.1, 23.6, 12, 0.02
1585296684.324409, 19, 23, 13, 0.04
1585296684.374443, 19.1, 22.5, 14, 0.03
1585296684.424484, 19, 22.5, 15, 0.04
1585296684.474498, 19.1, 22.2, 16, 0.02
1585296684.524427, 19, 21.9, 15, 0.02
1585296684.574452, 19.1, 21.4, 15, 0.02
1585296684.624504, 19, 21.2, 15, 0.02
1585296684.674529, 19.1, 20.7, 14, -0.01
1585296684.724465, 19, 20.2, 15, -0.02
1585296684.774542, 19.1, 19.6, 15, -0.02
1585296684.824532, 19, 19.1, 14, -0.03
1585296684.874545, 19.1, 18.6, 16, -0.05
1585296684.924563, 19, 17.1, 16, -0.09
1585296684.974508, 19.1, 16.4, 16, -0.12
1585296685.024565, 19, 15.8, 18, -0.12
1585296685.074530, 19.1, 14.6, 18, -0.11
1585296685.124531, 19, 14.1, 18, -0.08
1585296685.174510, 19.1, 13.6, 18, -0.03
1585296685.224579, 19, 12.7, 18, -0.02
1585296685.274561, 19.1, 11.5, 16, 0
1585296685.324521, 19, 10.6, 15, 0.03
1585296685.374622, 19, 9.5, 16, 0.03
1585296685.424623, 18.9, 8.8, 16, 0.04
1585296685.474592, 18.9, 7.9, 16, 0.03
1585296685.524593, 18.9, 7.2, 17, 0.03
1585296685.574582, 18.9, 6.4, 18, 0.01
1585296685.624597, 18.9, 5.7, 18, 0.01
1585296685.674571, 19, 5, 18, -0.01
1585296685.724559, 18.9, 4.2, 16, -0.02
1585296685.774587, 18.9, 3.1, 16, -0.02
1585296685.824569, 18.9, 1.9, 13, -0.05
1585296685.874582, 18.9, 0.4, 13, -0.05
1585296685.924615, 18.9, -0.7, 15, -0.02
1585296685.974666, 18.9, -1.7, 17, 0.01
1585296686.024656, 18.9, -2.4, 16, 0.04
1585296686.074672, 19, -3.6, 17, 0.09
1585296686.124621, 18.8, -4.7, 18, 0.1
1585296686.174629, 18.9, -5.8, 19, 0.11
1585296686.224695, 18.9, -6.6, 18, 0.11
1585296686.274683, 19, -7.4, 18, 0.09
1585296686.324667, 18.9, -7.9, 17, 0.09
1585296686.374685, 19, -8.4, 19, 0.03
1585296686.424626, 18.9, -9, 19, 0.02
1585296686.474696, 19, -9.9, 19, 0
1585296686.524666, 19, -11.2, 18, -0.01
1585296686.574694, 19.1, -11.7, 16, -0.02
1585296686.674705, 19.1, -13.3, 12, -0.03
1585296686.724724, 19, -14.7, 10, -0.02
1585296686.774765, 19.1, -16.2, 9, 0.01
1585296686.824721, 19, -17.3, 7, 0.09
1585296686.874736, 19.1, -18.8, 6, 0.14
1585296686.924685, 19, -20, 4, 0.19
1585296686.974727, 19.1, -20.9, 4, 0.15
1585296687.024735, 19, -21.8, 0, 0.13
1585296687.074715, 19.2, -22.4, -1, 0.1
1585296687.124745, 19, -23.3, -1, 0.07
1585296687.174775, 19.1, -24, -3, 0.03
1585296687.224733, 19, -24.6, -3, 0.02
1585296687.274756, 19.1, -25.2, -1, 0.02
1585296687.324798, 19, -25.6, -1, 0.01
1585296687.374748, 19.2, -26.6, -1, -0.02
1585296687.424793, 19, -27.4, -1, -0.02
1585296687.474754, 19.2, -28.4, -1, -0.02
1585296687.524786, 19, -28.5, -1, -0.02
1585296687.574779, 19.1, -29.5, -1, -0.02
1585296687.624800, 19, -30.4, -1, -0.02
1585296687.674855, 19.2, -30.3, 0, -0.01
1585296687.724826, 19, -31.1, -2, 0.01
1585296687.774834, 19.1, -31.8, -2, 0.02
1585296687.824826, 19, -32.4, -4, 0.05
1585296687.874850, 19.1, -33, -3, 0.05
1585296687.924855, 19, -33.3, -1, 0.05
1585296687.974858, 19.1, -33.8, -10, 0.01
1585296688.024886, 19.1, -33.8, -10, 0.02
1585296688.074871, 19.2, -33.9, -10, -0.01
1585296688.474945, 19.2, -33.9, -3, -0.01
1585296688.524930, 19, -33.6, -1, -0.02
1585296688.574889, 19.1, -33.1, -3, -0.04
1585296688.624890, 19, -33, -1, -0.07
1585296688.674902, 19.1, -32.4, 0, -0.09
1585296688.724928, 19, -31.5, 0, -0.1
1585296688.774921, 19.1, -30.3, 0, -0.12
1585296688.824935, 19, -29.1, 1, -0.11
1585296688.874902, 19.1, -28.8, -1, -0.12
1585296688.974984, 19.1, -26.3, 0, -0.12
1585296689.074971, 19.1, -24, 3, -0.12
1585296689.124945, 19, -21.9, 5, -0.12
1585296689.174950, 19.1, -21.2, 6, -0.13
1585296689.224983, 19, -19.7, 7, -0.15
1585296689.274950, 19.1, -19, 8, -0.16
1585296689.325014, 19, -17.5, 10, -0.17
1585296689.374991, 19.1, -16.4, 11, -0.16
1585296689.425016, 19, -15.4, 13, -0.17
1585296689.475014, 19, -13.9, 13, -0.15
1585296689.524990, 18.9, -12.6, 13, -0.14
1585296689.574977, 19, -11.9, 13, -0.12
1585296689.675002, 18.9, -7.8, 12, -0.04
1585296689.774992, 18.8, -4.7, 11, -0.01
1585296689.825019, 18.8, -3.2, 10, -0.02
1585296689.875081, 18.9, -1.9, 9, -0.02
1585296689.924990, 18.8, -1.1, 5, -0.05
1585296689.975033, 18.8, -0.2, 6, -0.09
1585296690.025035, 18.7, 0.9, 6, -0.12
1585296690.075095, 18.9, 2.4, 4, -0.16
1585296690.125041, 18.8, 3.7, 6, -0.2
1585296690.175088, 18.9, 4.8, 8, -0.22
1585296690.225019, 18.7, 5.9, 7, -0.18
1585296690.275053, 18.9, 7.6, 6, -0.12
1585296690.325036, 18.7, 9.1, 4, -0.11
1585296690.375094, 18.9, 9.1, 3, -0.1
1585296690.425123, 18.9, 11.1, 6, -0.05
1585296690.475077, 19, 13, 6, -0.01
1585296690.575090, 18.9, 15.9, 8, 0.02
1585296690.675191, 18.9, 19.2, 10, 0
1585296690.725136, 18.9, 20.3, 11, -0.02
1585296690.775192, 18.9, 21.4, 12, -0.04
1585296690.825193, 18.9, 22.2, 13, -0.07
1585296690.875099, 18.9, 22.6, 14, -0.05
1585296690.975139, 18.9, 24.9, 13, -0.05
1585296691.025184, 18.9, 26.6, 13, -0.03
1585296691.075150, 18.9, 28.1, 13, -0.02
1585296691.125169, 18.9, 29.4, 12, -0.01
1585296691.175169, 18.9, 29.9, 10, 0.02
1585296691.275179, 18.9, 32.6, 8, 0.13
1585296691.325201, 18.9, 33.9, 8, 0.16
1585296691.375207, 18.9, 36.1, 8, 0.16
1585296691.425175, 18.9, 36.9, 9, 0.17
1585296691.475205, 19, 36.9, 9, 0.14
1585296691.525187, 18.9, 37, 10, 0.13
1585296691.575228, 19, 37.6, 10, 0.12
1585296691.625253, 18.9, 38.7, 8, 0.11
1585296691.675217, 19, 38.6, 9, 0.05
1585296691.725252, 18.9, 38.7, 6, 0.04
1585296691.775208, 19, 38.6, 5, 0.05
1585296691.825250, 18.9, 40.4, 6, 0.04
1585296691.875235, 19, 42.6, 5, 0.02
1585296691.925271, 19, 44.3, 1, 0.02
1585296693.875466, 19, 40.1, 6, -0.1
1585296693.925438, 18.9, 38.6, 7, -0.08
1585296693.975463, 19, 38.9, 9, -0.04
1585296694.025434, 18.9, 38.5, 9, -0.02
1585296694.075459, 19, 37.9, 10, -0.02
1585296694.125458, 18.9, 37, 10, -0.01
1585296694.175467, 19, 37, 9, -0.01
1585296694.225496, 18.9, 35.9, 10, -0.01
1585296694.275455, 19, 33.1, 10, -0.02
1585296694.325496, 18.9, 32.6, 12, -0.02
1585296694.375479, 19, 30.3, 12, -0.04
1585296694.425559, 18.9, 29.7, 13, -0.08
1585296694.475479, 19, 28.6, 14, -0.09
1585296694.525493, 18.9, 26.4, 15, -0.12
1585296694.575569, 19, 24.2, 15, -0.13
1585296694.625478, 18.9, 22.7, 15, -0.12
1585296694.675547, 19, 22, 13, -0.1
1585296694.725511, 18.9, 21.4, 14, -0.05
1585296694.775500, 19, 20.4, 14, -0.02
1585296694.825565, 18.9, 19.7, 13, 0.02
1585296694.875513, 19, 18.6, 14, 0.05
1585296694.925607, 18.9, 17.1, 13, 0.09
1585296694.975523, 19, 16.2, 12, 0.1
1585296695.025550, 18.9, 15.1, 12, 0.09
1585296695.075530, 19, 14.3, 12, 0.08
1585296695.125537, 18.9, 13.6, 12, 0.08
1585296695.175628, 19, 11.9, 10, 0.07
1585296695.225660, 18.7, 9.3, 12, 0.06
1585296695.275582, 18.9, 7.2, 13, 0.02
1585296695.325582, 18.7, 5.4, 12, 0.02
1585296695.375592, 18.9, 3.9, 10, 0.01
1585296695.425603, 18.8, 2.4, 10, -0.01
1585296695.475596, 18.9, 1.2, 10, 0
1585296695.525623, 18.8, 0.2, 10, 0.02
1585296695.575684, 18.9, -0.6, 10, 0.06
1585296695.625649, 18.8, -1.3, 12, 0.1
1585296695.675647, 18.9, -1.9, 13, 0.12
1585296695.725625, 18.8, -2.6, 13, 0.13
1585296695.775656, 18.9, -3.5, 10, 0.13
1585296695.825643, 18.9, -4.5, 9, 0.15
1585296695.875683, 18.9, -5.6, 9, 0.13
1585296695.925625, 18.8, -6.6, 9, 0.13
1585296695.975687, 19, -7.7, 9, 0.13
1585296696.025685, 18.9, -8.6, 6, 0.11
1585296696.075690, 19, -10.5, 6, 0.1
1585296696.125651, 19, -12.1, 5, 0.08
1585296696.175698, 19, -12.3, 3, 0.02
1585296696.225672, 19, -13.3, 1, 0.02
1585296696.275663, 19.1, -15.1, 0, -0.01
1585296696.325632, 18.9, -16.4, -4, 0.01
1585296696.375701, 19, -17.3, -4, 0.03
1585296696.425665, 19, -18.1, -9, 0.11
1585296696.475704, 19.1, -19.6, -9, 0.16
1585296696.525763, 19, -20.3, -10, 0.23
1585296696.575751, 19.1, -21.4, -10, 0.24
1585296697.225812, 19.1, -33.4, -10, 0.04
1585296697.275770, 19.2, -30.9, -10, 0.02
1585296697.325773, 19.1, -30.9, -10, 0.05
1585296697.375796, 19.3, -31.6, -10, 0.02
1585296697.425803, 19, -32.6, -10, 0.01
1585296697.475779, 19.2, -33.4, -10, -0.02
1585296697.525783, 19, -33.2, -10, -0.01
1585296697.575825, 19.2, -34.1, -10, -0.01
1585296697.625849, 19.1, -33.1, -10, -0.02
1585296697.675833, 19.2, -33.2, -10, -0.01
1585296697.725836, 19.1, -33.4, -9, -0.01
1585296697.775860, 19.2, -33.4, -10, 0
1585296697.825903, 19, -33.9, -9, -0.01
1585296697.875859, 19.2, -32.6, -9, -0.01
1585296697.925853, 19.1, -33.2, -9, -0.01
1585296697.975870, 19.2, -33.7, -9, -0.01
1585296698.025896, 19, -33.3, -8, -0.01
1585296698.075858, 19.2, -32.8, -8, -0.02
1585296698.125885, 19, -32.8, -7, -0.02
1585296698.175881, 19.1, -32.4, -8, -0.02
1585296698.225857, 19, -32.9, -8, -0.04
1585296698.275878, 19.1, -32.2, -7, -0.07
1585296698.325925, 19.1, -32.1, -5, -0.09
1585296698.375894, 19.2, -32.4, -5, -0.09
1585296698.425925, 19.1, -31.8, -5, -0.09
1585296698.475916, 19.2, -30.9, -3, -0.08
1585296698.525902, 19, -30.6, -3, -0.06
1585296698.575920, 19.2, -30.2, -2, -0.07
1585296698.625920, 19.1, -29.2, -1, -0.09
1585296698.675934, 19.2, -28.8, -1, -0.09
1585296698.725933, 19, -28.3, -1, -0.09
1585296698.775931, 19.1, -26.7, 1, -0.08
1585296698.825920, 19, -25.7, 1, -0.07
1585296698.875939, 19.1, -24.6, 3, -0.07
1585296698.925916, 19, -24, 5, -0.08
1585296698.976000, 19.2, -22.6, 8, -0.09
1585296699.025978, 19, -21.8, 10, -0.1
1585296699.075961, 19.1, -21.2, 13, -0.12
1585296699.125965, 19, -20.3, 14, -0.12
1585296699.175973, 19.1, -19.3, 14, -0.12
1585296699.225986, 19, -18.6, 14, -0.12
1585296699.275963, 19.1, -18.1, 14, -0.12
1585296699.325999, 19, -17.1, 13, -0.12
1585296699.376004, 19.1, -16, 13, -0.12
1585296699.426012, 19, -14.8, 11, -0.1
1585296699.476047, 19.1, -13.6, 11, -0.09
1585296699.526047, 19, -12.1, 11, -0.05
1585296699.576022, 19.1, -12.1, 11, -0.03
1585296699.676020, 18.9, -8.6, 9, -0.03
1585296699.726063, 19, -8, 9, -0.04
1585296699.776023, 19, -7.6, 10, -0.04
1585296699.826027, 18.9, -7.1, 11, -0.04
1585296699.876029, 19, -6.5, 13, -0.07
1585296699.926083, 18.8, -5.9, 14, -0.11
1585296699.976100, 18.9, -5.2, 14, -0.12
1585296700.026078, 18.9, -4.3, 14, -0.12
1585296700.076040, 19, -3.1, 13, -0.12
1585296700.126044, 18.8, -2.2, 10, -0.09
1585296700.176110, 18.9, -1.3, 9, -0.05
1585296700.226060, 18.8, -0.6, 8, -0.02
1585296700.276074, 18.9, 0.7, 8, 0.02
1585296700.326093, 18.8, 2, 7, 0.05
1585296700.376094, 18.9, 3.2, 8, 0.05
1585296700.426135, 18.9, 4.1, 10, 0.05
1585296700.476099, 19, 4.7, 13, 0.01
1585296700.526134, 18.8, 5.2, 13, -0.02
1585296700.576083, 18.9, 5.8, 16, -0.09
1585296700.626138, 18.8, 6.4, 17, -0.11
1585296700.676174, 19, 7.6, 17, -0.13
1585296700.726127, 18.8, 8.6, 17, -0.17
1585296700.776263, 18.9, 9.7, 16, -0.16
1585296700.826165, 18.9, 9.9, 17, -0.15
1585296700.876184, 19, 11.4, 18, -0.14
1585296700.926128, 18.9, 13.1, 18, -0.12
1585296700.976135, 19, 14.1, 15, -0.11
1585296701.026155, 18.9, 15.1, 15, -0.08
1585296701.076182, 19, 16.4, 14, -0.02
1585296701.126145, 18.9, 17.7, 12, 0.02
1585296701.176188, 19, 19.6, 11, 0.05
1585296701.226154, 18.9, 20.8, 11, 0.09
1585296701.276209, 19, 21.8, 12, 0.06
1585296701.326208, 18.9, 22.2, 13, 0.05
1585296701.376202, 19, 22.6, 13, 0.02
1585296701.426239, 18.9, 23, 14, 0.02
1585296701.476202, 19, 24, 14, 0
1585296701.526217, 19, 25.1, 14, 0.01
1585296701.576229, 19, 26, 14, -0.01
1585296701.626286, 18.9, 27.2, 14, -0.01
1585296701.676219, 19, 28.1, 14, -0.01
1585296701.726270, 18.9, 28.7, 14, 0.01
1585296701.776249, 19, 29.4, 13, 0.01
1585296701.826254, 18.9, 29.9, 10, 0.02
1585296701.876271, 19, 31.2, 11, 0.06
1585296701.926310, 18.9, 33.1, 9, 0.11
1585296701.976290, 19, 34.2, 9, 0.12
1585296702.026292, 19, 36.1, 9, 0.13
1585296702.076286, 19, 36.9, 9, 0.11
1585296702.126251, 19, 36.7, 8, 0.09
1585296702.176318, 19.1, 37, 9, 0.05
1585296702.226298, 19, 37.4, 10, 0.03
1585296702.276311, 19, 38.2, 9, 0.01
1585296702.326315, 19, 38.8, 8, 0.01
1585296702.376394, 19.1, 38.7, 8, 0
1585296702.476381, 19.1, 41.4, 6, -0.02
1585296704.176479, 19.1, 42.9, 6, -0.1
1585296704.226500, 19, 39.7, 5, -0.09
1585296704.276506, 19.1, 39.1, 9, -0.06
1585296704.326492, 19, 38.8, 9, -0.02
1585296704.376512, 19.1, 38.2, 10, -0.01
1585296704.426541, 19, 37.1, 9, 0.02
1585296704.476524, 19.1, 36.9, 10, 0.01
1585296704.526552, 19, 37, 9, 0.02
1585296704.576526, 19.1, 36.6, 9, 0.01
1585296704.626565, 19, 35.6, 7, 0.01
1585296704.676539, 19.1, 34.1, 6, -0.02
1585296704.726517, 19, 33.7, 7, -0.03
1585296704.776582, 19, 32.2, 8, -0.03
1585296704.826573, 19, 30.7, 9, -0.05
1585296704.876577, 19.1, 29.9, 11, -0.05
1585296704.976585, 19, 27.4, 13, -0.09
1585296705.026613, 19, 25.3, 12, -0.09
1585296705.076577, 19, 23.7, 15, -0.06
1585296705.126620, 19, 22.7, 15, -0.03
1585296705.176595, 19, 22.2, 15, -0.02
1585296705.226632, 19, 21.6, 14, -0.02
1585296705.276608, 19, 21, 13, -0.01
1585296705.326593, 19, 20.5, 12, 0.02
1585296705.376586, 19, 19.8, 12, 0.01
1585296705.426610, 19, 19.2, 12, 0.02
1585296705.476659, 19, 18.1, 12, 0.02
1585296705.526635, 18.9, 17, 12, 0.04
1585296705.576656, 19.1, 16, 13, 0.05
1585296705.676608, 19.1, 14, 16, 0.02
1585296705.776686, 18.9, 9.6, 15, 0.01
1585296705.826666, 18.8, 8.2, 15, 0.02
1585296705.876703, 18.9, 6.9, 14, 0.03
1585296705.926652, 18.8, 5.7, 14, 0.09
1585296705.976685, 19, 4.7, 11, 0.14
1585296706.026644, 18.9, 3.7, 9, 0.2
1585296706.076723, 19, 2.3, 8, 0.2
1585296706.126719, 18.9, 1.2, 6, 0.18
1585296706.176732, 18.9, -0, 4, 0.13
1585296706.226719, 18.9, -0.8, 3, 0.11
1585296706.276710, 19, -1.5, 3, 0.08
1585296706.326709, 18.9, -2.1, 4, 0.05
1585296706.376714, 19, -3.3, 4, 0.02
1585296706.426735, 18.9, -4.5, 2, 0.02
1585296706.476721, 18.9, -5.8, 1, -0.01
1585296706.526748, 18.9, -6.9, 0, -0.02
1585296706.576706, 19, -8.3, 0, -0.03
1585296706.626731, 18.9, -9.1, 0, -0.05
1585296706.676760, 19.1, -11, 2, -0.05
1585296706.726790, 19, -12.3, 3, -0.02
1585296706.776729, 19.1, -12.3, 1, 0.01
1585296706.826807, 19, -12.4, -4, 0.03
1585296706.876770, 19.1, -12.3, -6, 0.07
1585296706.926762, 19, -13.2, -8, 0.11
1585296706.976770, 19.1, -14.5, -8, 0.12
1585296707.026785, 19, -14.7, -9, 0.13
1585296707.076758, 19.1, -16.2, -10, 0.13
1585296707.126822, 19, -17.1, -9, 0.13
1585296707.176772, 19.2, -18.5, -8, 0.13
1585296707.226824, 19.1, -19.1, -4, 0.13
1585296707.276846, 19.2, -20.4, -2, 0.12
1585296707.326892, 19, -21.1, -2, 0.09
1585296707.376798, 19.2, -22.7, -2, 0.02
1585296707.426888, 19.1, -23.8, -2, -0.01
1585296707.476843, 19.2, -24.9, -3, -0.02
1585296707.526884, 19, -25.1, -4, -0.02
1585296707.576829, 19.2, -25.5, -8, -0.01
1585296707.626894, 19, -25.4, -10, 0.02
1585296708.176851, 19.1, -31.1, -10, 0.02
1585296708.226897, 19, -31.8, -10, 0.02
1585296708.276897, 19.2, -32.2, -10, 0.01
1585296708.326904, 19.1, -31.3, -10, 0.02
1585296708.376912, 19.2, -31.5, -10, 0.01
1585296708.426914, 19, -31.9, -10, 0.02
1585296708.476944, 19.2, -31.6, -10, 0.01
1585296708.526940, 19.1, -31.5, -10, 0.01
1585296708.576938, 19.2, -31.8, -10, -0.01
1585296708.627023, 19.1, -31.6, -10, -0.01
1585296708.676956, 19.3, -31.3, -9, -0.01
1585296708.726941, 19.1, -31.3, -9, -0.02
1585296708.776957, 19.2, -31.5, -9, -0.02
1585296708.822032, 19.1, -31.1, -8, -0.04
1585296708.872052, 19.2, -30.9, -7, -0.04
1585296708.922038, 19.1, -30.9, -6, -0.06
1585296708.972028, 19.2, -30.4, -3, -0.07
1585296709.022038, 19.1, -30.7, -2, -0.09
1585296709.072065, 19.2, -30.2, -1, -0.09
1585296709.122017, 19, -29.3, -1, -0.09
1585296709.172009, 19.2, -28.9, 0, -0.09
1585296709.222029, 19, -28.5, -1, -0.1
1585296709.272020, 19.2, -28.1, -1, -0.12
1585296709.322022, 19, -27.6, 0, -0.12
1585296709.372067, 19.2, -25.9, 1, -0.12
1585296709.422086, 19, -25, -1, -0.1
1585296709.472053, 19.2, -23.9, 0, -0.08
1585296709.522046, 19, -22.6, 4, -0.05
1585296709.572105, 19.2, -21.8, 7, -0.03
1585296709.622059, 19, -21.1, 9, -0.04
1585296709.672072, 19.2, -20.9, 11, -0.05
1585296709.722059, 19, -19.9, 13, -0.09
1585296709.772089, 19.2, -19.7, 14, -0.1
1585296709.822098, 19, -18.9, 13, -0.11
1585296709.872080, 19.1, -18.1, 13, -0.12
1585296709.922074, 19, -17.3, 12, -0.12
1585296709.972180, 19.1, -16.1, 11, -0.13
1585296710.022141, 19, -15.3, 10, -0.12
1585296710.072113, 19.1, -13.8, 9, -0.12
1585296710.122139, 19, -12.3, 8, -0.09
1585296710.172132, 19.1, -12.1, 8, -0.05
1585296710.222126, 19, -11.1, 7, -0.03
1585296710.272094, 19, -8.6, 7, -0.04
1585296710.322152, 18.8, -8.2, 8, -0.06
1585296710.372194, 19, -7.6, 12, -0.09
1585296710.422156, 18.9, -6.9, 14, -0.09
1585296710.472126, 19, -6.2, 16, -0.11
1585296710.522161, 18.9, -5.4, 17, -0.11
1585296710.572126, 18.9, -4.4, 16, -0.11
1585296710.622149, 18.8, -3.4, 14, -0.1
1585296710.672206, 18.9, -2.3, 12, -0.09
1585296710.722168, 18.9, -1.4, 9, -0.08
1585296710.772230, 19, -0.3, 9, -0.02
1585296710.822165, 18.7, 1.2, 10, -0.01
1585296710.872181, 18.9, 2.8, 9, -0.01
1585296710.922141, 18.8, 3.9, 9, -0.02
1585296710.972180, 19, 4.8, 9, -0.05
1585296711.022182, 18.9, 5.4, 12, -0.1
1585296711.072201, 19, 6.5, 11, -0.13
1585296711.122199, 18.8, 7.6, 10, -0.17
1585296711.172221, 18.9, 9.1, 9, -0.16
1585296711.222239, 18.8, 9.9, 11, -0.15
1585296711.272217, 19, 10.1, 11, -0.13
1585296711.322271, 18.9, 11.6, 8, -0.11
1585296711.372247, 19, 12.6, 4, -0.09
1585296711.422249, 18.9, 13.4, 1, -0.05
1585296711.472267, 19, 14, -2, -0.01
1585296711.572258, 19.1, 15.8, 1, 0.09
1585296711.622354, 18.9, 16.9, 1, 0.12
1585296711.672253, 19, 17.6, 2, 0.09
1585296711.722269, 18.9, 18.2, 3, 0.09
1585296711.772273, 19, 18.9, 5, 0.03
1585296711.822274, 18.9, 19.4, 7, 0.01
1585296711.872269, 19, 20.1, 9, -0.02
1585296711.922275, 18.9, 20.8, 12, -0.02
1585296711.972323, 19, 21.4, 13, -0.02
1585296712.022285, 18.9, 22, 13, -0.01
1585296712.072322, 19, 22.6, 12, 0
1585296712.272359, 19, 28.2, 11, 0.1
1585296712.322293, 19, 29.2, 11, 0.12
1585296712.372339, 19, 29.6, 10, 0.12
1585296712.422325, 19, 30, 10, 0.12
1585296712.472323, 19, 30.6, 8, 0.11
1585296712.522321, 19, 31.8, 7, 0.09
1585296712.572324, 19.1, 32.8, 8, 0.05
1585296712.622321, 19, 33.1, 10, 0.04
1585296712.672394, 19.1, 34.1, 11, 0.02
1585296712.722388, 19, 35.1, 11, 0.02
1585296712.772359, 19.1, 36.9, 11, 0
1585296712.822414, 19, 36.7, 11, -0.01
1585296712.872406, 19.1, 37.4, 10, 0
1585296713.022447, 19, 41.2, 6, 0.12
1585296714.822557, 18.9, 43.2, 4, -0.08
1585296714.872635, 19.1, 42.4, 6, -0.05
1585296714.922630, 19.1, 41.1, 6, -0.04
1585296714.972615, 19, 39.5, 8, -0.03
1585296715.022650, 19, 38.7, 9, -0.02
1585296715.072621, 19.1, 38.7, 8, 0.02
1585296715.122644, 19, 38.8, 5, 0.01
1585296715.772696, 19, 25.4, 12, -0.01
1585296715.822716, 18.9, 24.2, 10, 0.02
1585296715.872698, 19, 22.7, 11, 0.02
1585296715.922687, 18.9, 22.4, 11, 0.01
1585296715.972712, 19, 21.6, 11, -0.01
1585296716.022709, 18.9, 20.6, 12, -0.02
1585296716.072750, 19, 19.4, 14, -0.04
1585296716.122772, 18.9, 17.4, 16, -0.09
1585296716.222780, 18.9, 14.1, 15, -0.17
1585296716.272738, 19, 12.3, 13, -0.14
1585296716.322773, 18.9, 10.6, 11, -0.11
1585296716.372736, 18.9, 8.6, 11, -0.02
1585296716.422772, 18.8, 7.2, 7, 0.02
1585296716.472779, 19, 5.6, 1, 0.05
1585296716.522836, 18.8, 4.6, -2, 0.09
1585296716.572750, 18.9, 3.4, -5, 0.09
1585296716.622764, 18.7, 2.4, -6, 0.12
1585296716.672779, 18.9, 1.2, -3, 0.12
1585296716.722784, 18.7, -0, 0, 0.12
1585296716.772821, 18.8, -1.3, 6, 0.13
1585296716.822792, 18.7, -2.6, 9, 0.14
1585296716.872809, 18.8, -4.8, 9, 0.14
1585296716.922762, 18.8, -6.7, 9, 0.14
1585296716.972803, 18.9, -8.8, 8, 0.13
1585296717.022775, 19, -11.1, 5, 0.12
1585296717.122809, 19, -14.6, 1, 0.1
1585296717.172818, 19.1, -16.9, -3, 0.11
1585296717.222822, 19, -18.6, -6, 0.14
1585296717.272862, 19.1, -19.6, -8, 0.16
1585296717.322820, 19, -21.3, -10, 0.2
1585296717.372833, 19, -23.7, -10, 0.22
1585296717.422908, 18.9, -24.6, -10, 0.22
1585296717.472919, 19.3, -22.4, -10, 0.23
1585296717.522911, 19, -26.1, -10, 0.2
1585296717.572884, 19.1, -25.8, -10, 0.16
1585296717.622897, 19, -27.6, -10, 0.14
1585296717.672922, 19.1, -28.9, -8, 0.11
1585296717.722911, 19.1, -28.3, -7, 0.03
1585296717.772881, 19.2, -28.4, -7, -0.02
1585296717.822922, 19, -29.3, -6, -0.05
1585296717.872884, 19.1, -30.3, -6, -0.07
1585296717.922920, 19, -30.6, -6, -0.07
1585296717.972948, 19.1, -30.9, -5, -0.08
1585296718.022934, 19, -32.1, -5, -0.09
1585296718.072943, 19.1, -32.3, -3, -0.09
1585296718.122948, 19, -32.8, -4, -0.09
1585296718.172945, 19.1, -33.2, -2, -0.08
1585296718.222923, 19, -33.5, -2, -0.07
1585296718.272936, 19.1, -33.8, 0, -0.07
1585296718.322969, 19, -33.9, 0, -0.08
1585296718.372955, 19.1, -33.4, 2, -0.09
1585296718.422948, 19, -33.2, 2, -0.09
1585296718.472945, 19.1, -32.2, 3, -0.09
1585296718.522977, 19, -31.6, 4, -0.09
1585296718.572950, 19.1, -30.8, 4, -0.1
1585296718.622983, 19, -30.4, 4, -0.12
1585296718.672991, 19.1, -29.2, 3, -0.12
1585296718.723009, 19, -28.4, 2, -0.13
1585296718.823027, 19, -25.2, 3, -0.13
1585296718.923033, 19, -21.1, 8, -0.14
1585296718.972984, 19, -19.3, 10, -0.16
1585296719.023041, 18.9, -17.6, 12, -0.2
1585296719.073027, 19, -15.9, 15, -0.2
1585296719.123036, 18.9, -13.9, 15, -0.2
1585296719.173058, 19, -12.1, 17, -0.19
1585296719.223015, 18.9, -11.4, 17, -0.19
1585296719.273067, 18.9, -7.8, 18, -0.16
1585296719.323037, 18.7, -6.4, 19, -0.15
1585296719.373072, 18.9, -3.9, 17, -0.12
1585296719.423060, 18.7, -1.8, 13, -0.09
1585296719.473110, 18.8, 0.7, 12, -0.04
1585296719.523096, 18.7, 2.8, 12, -0.04
1585296719.573059, 18.8, 4.6, 13, -0.04
1585296719.623040, 18.7, 5.8, 17, -0.05
1585296719.673065, 18.8, 7.7, 13, -0.09
1585296719.723058, 18.7, 9.3, 12, -0.09
1585296719.823185, 18.9, 12.1, 16, -0.05
1585296719.873113, 18.9, 13.9, 15, -0.03
1585296719.923063, 18.9, 14.9, 14, -0.02
1585296719.973132, 18.9, 16.5, 13, -0.02
1585296720.023165, 18.9, 18.2, 11, 0.01
1585296720.073099, 18.9, 20.2, 10, 0.02
1585296720.123147, 18.9, 22.1, 11, 0.08
1585296720.173108, 18.9, 24.2, 9, 0.13
1585296720.223134, 18.9, 27.2, 10, 0.16
1585296720.273118, 18.9, 29, 10, 0.13
1585296720.323180, 18.9, 30.1, 8, 0.13
1585296720.423151, 18.9, 33.5, 7, 0.05
1585296720.473192, 19, 35.9, 8, 0.03
1585296720.523149, 18.9, 36.7, 8, 0.04
1585296720.573196, 18.9, 37.6, 6, 0.05
1585296720.623174, 18.9, 38.5, 4, 0.06
1585296722.173322, 19.1, 44, 4, -0.02
1585296722.223400, 19, 41.6, 5, -0.02
1585296722.273319, 19, 38.9, 7, -0.04
1585296722.323340, 19, 38.5, 8, -0.05
1585296722.373354, 19, 37.4, 9, -0.08
1585296722.423408, 19, 37.1, 9, -0.09
1585296722.473367, 19, 35.5, 10, -0.1
1585296722.523471, 19, 33.1, 10, -0.1
1585296722.573366, 19, 32, 13, -0.11
1585296722.623412, 19, 30, 12, -0.11
1585296722.673400, 19, 29.8, 13, -0.11
1585296722.723390, 18.9, 28.3, 11, -0.1
1585296722.773386, 19, 26.4, 10, -0.09
1585296722.823390, 18.9, 24.2, 11, -0.05
1585296722.873449, 19, 22.3, 11, -0.03
1585296722.923405, 18.9, 21.4, 11, -0.02
1585296723.023429, 18.9, 17.2, 12, 0.02
1585296723.073492, 19, 15.4, 13, 0.02
1585296723.123451, 18.9, 14, 13, 0.02
1585296723.173491, 19, 11.9, 12, 0.01
1585296723.223426, 18.8, 9.2, 13, 0.02
1585296723.273446, 18.9, 7.1, 14, 0
1585296723.323451, 18.8, 5.4, 13, 0.02
1585296723.373441, 18.9, 3.9, 11, 0.02
1585296723.423437, 18.8, 2.1, 9, 0.04
1585296723.473519, 18.9, -0.2, 8, 0.06
1585296723.523544, 18.8, -1.8, 9, 0.09
1585296723.573469, 18.9, -3.9, 7, 0.12
1585296723.623523, 18.8, -5.9, 4, 0.13
1585296723.673547, 18.9, -7.7, 3, 0.18
1585296723.723536, 18.7, -9.4, 2, 0.23
1585296723.773489, 19, -12.1, 0, 0.23
1585296723.823524, 19, -12.3, -2, 0.23
1585296723.923523, 19, -17.1, 0, 0.22
1585296723.973511, 19.1, -18.8, 3, 0.2
1585296724.023519, 19, -20.4, 4, 0.19
1585296724.073570, 19.1, -21.4, 4, 0.13
1585296724.123521, 19, -22.6, 5, 0.13
1585296724.173630, 19.1, -24.1, 5, 0.12
1585296724.223533, 19, -25, 4, 0.12
1585296724.273577, 19.2, -25.9, 1, 0.12
1585296724.323537, 19, -27.2, 1, 0.12
1585296724.373600, 19.2, -28.3, 1, 0.12
1585296724.423555, 19, -28.6, 1, 0.11
1585296724.473628, 19.2, -29.2, 1, 0.11
1585296724.523552, 19, -30, 0, 0.11
1585296724.573580, 19.2, -30.4, 0, 0.11
1585296724.623590, 19, -30.9, 0, 0.11
1585296724.673589, 19.2, -32.3, 0, 0.11
1585296724.723658, 19.1, -32.8, 1, 0.09
1585296724.773608, 19.2, -33.8, 0, 0.08
1585296724.823574, 19.1, -35, 3, 0.05
1585296724.873610, 19.2, -36, 3, 0.01
1585296724.923647, 19.1, -36.5, 3, -0.02
1585296724.973605, 19.2, -36.6, 5, -0.05
1585296725.023638, 19.1, -36.7, 6, -0.08
1585296725.073606, 19.2, -36.6, 8, -0.09
1585296725.123637, 19.1, -36.9, 7, -0.11
1585296725.173661, 19.2, -36.9, 7, -0.12
1585296725.223641, 19, -36.9, 5, -0.13
1585296725.273656, 19.2, -36.9, 4, -0.15
1585296725.323670, 19, -36.9, 5, -0.16
1585296725.373685, 19.1, -36.1, 4, -0.15
1585296725.423665, 19, -35.2, 4, -0.15
1585296725.473708, 19.1, -34.3, 5, -0.15
1585296725.523673, 19, -33.9, 4, -0.15
1585296725.573703, 19.1, -32.4, 3, -0.16
1585296725.623688, 19, -30.8, 4, -0.17
1585296725.673698, 19.1, -30, 5, -0.16
1585296725.723712, 19, -28.5, 4, -0.19
1585296725.773703, 19.1, -27.8, 8, -0.2
1585296725.823703, 19, -25.3, 7, -0.21
1585296725.873735, 19, -23.9, 9, -0.23
1585296725.923703, 18.9, -22.1, 8, -0.22
1585296725.973750, 19, -19.9, 7, -0.21
1585296726.023726, 18.9, -18.2, 7, -0.2
1585296726.073743, 19, -16.4, 7, -0.16
1585296726.123772, 18.9, -14.8, 7, -0.15
1585296726.173735, 19, -13, 7, -0.13
1585296726.223782, 18.9, -12.3, 7, -0.12
1585296726.323787, 18.7, -8.2, 3, -0.1
1585296726.373830, 18.8, -6.8, 2, -0.1
1585296726.423766, 18.6, -5.2, 1, -0.09
1585296726.473757, 18.9, -3.1, 1, -0.09
1585296726.523770, 18.7, -1.6, -2, -0.08
1585296726.573820, 18.9, 0.1, -3, -0.05
1585296726.623777, 18.8, 1.9, -3, -0.07
1585296726.673824, 18.9, 3.9, -2, -0.05
1585296726.723781, 18.7, 5.2, 1, -0.05
1585296726.773853, 18.7, 7.1, 1, -0.04
1585296726.823810, 18.8, 8.9, 0, -0.04
1585296726.923792, 18.9, 11.3, 2, -0.01
1585296727.023827, 18.9, 14.3, 0, 0.04
1585296727.123827, 18.9, 17.9, 3, 0.09
1585296727.223898, 18.9, 22, 9, 0.09
1585296727.323922, 18.9, 25.9, 10, 0.06
1585296727.373868, 19, 28.1, 9, 0.04
1585296727.523896, 18.9, 32.6, 7, 0.07
1585296727.573947, 19, 34.5, 9, 0.08
1585296727.623898, 18.9, 36.7, 8, 0.1
1585296727.673891, 19, 37.1, 6, 0.11
1585296727.723918, 18.9, 38.7, 5, 0.12
1585296727.773911, 19, 38.7, 4, 0.12
1585296729.524078, 19, 41.5, 8, -0.09
1585296729.574078, 19.1, 38.8, 10, -0.11
1585296729.624109, 19, 38.8, 11, -0.12
1585296729.674125, 19.1, 37.8, 11, -0.13
1585296729.724170, 19, 36.9, 11, -0.13
1585296729.774100, 19, 36.4, 11, -0.13
1585296729.824150, 19, 33.4, 11, -0.12
1585296729.874103, 19, 31.8, 12, -0.12
1585296729.924157, 19, 29.9, 10, -0.11
1585296729.974159, 19, 29.6, 8, -0.09
1585296730.024182, 18.9, 28.1, 6, -0.05
1585296730.074123, 19, 26.1, 4, -0.03
1585296730.124202, 19, 23.9, 5, -0.02
1585296730.174185, 19, 22.3, 5, -0.02
1585296730.224173, 18.9, 21.2, 5, -0.02
1585296730.324178, 19, 18.2, 9, -0.03
1585296730.374178, 19, 16.4, 12, -0.03
1585296730.424231, 18.9, 14.7, 14, -0.02
1585296730.524216, 18.9, 11.7, 13, -0.01
1585296730.574199, 18.9, 8.8, 15, 0.02
1585296730.624232, 18.8, 6.9, 15, 0.05
1585296730.674289, 18.9, 5.1, 13, 0.06
1585296730.724323, 18.8, 3.7, 12, 0.09
1585296730.774251, 18.9, 1.6, 11, 0.11
1585296730.824322, 18.8, -0.3, 9, 0.13
1585296730.874240, 18.9, -1.9, 8, 0.13
1585296730.924350, 18.9, -3.6, 7, 0.17
1585296730.974257, 18.9, -6.2, 8, 0.2
1585296731.024343, 18.8, -7.8, 8, 0.21
1585296731.074293, 18.9, -9.6, 11, 0.2
1585296731.124369, 19, -11.9, 9, 0.2
1585296731.224354, 19, -14.2, 12, 0.18
1585296731.274325, 19.1, -16.2, 12, 0.14
1585296731.324373, 19, -17.7, 13, 0.13
1585296731.374332, 19.1, -19.4, 13, 0.12
1585296731.424370, 19, -20.8, 11, 0.11
1585296731.474322, 19.1, -22.1, 9, 0.09
1585296731.524385, 19, -23.3, 6, 0.09
1585296731.574375, 19.2, -25, 4, 0.08
1585296731.624473, 19, -25.1, 2, 0.08
1585296731.674373, 19.1, -26.1, 0, 0.05
1585296731.724466, 19, -27.4, -1, 0.07
1585296731.774317, 19.1, -27.6, 2, 0.08
1585296731.824443, 19, -28.6, 2, 0.09
1585296731.874360, 19.2, -29.2, 3, 0.09
1585296731.924480, 19, -29, 3, 0.09
1585296731.974373, 19.2, -29.5, 4, 0.06
1585296732.024462, 19, -30.4, 5, 0.05
1585296732.074367, 19.2, -31.7, 7, 0.02
1585296732.124478, 19, -32, 6, 0.01
1585296732.174359, 19.2, -31.8, 6, -0.02
1585296732.224436, 19, -32.1, 6, -0.02
1585296732.274354, 19.2, -32.6, 6, -0.02
1585296732.324454, 19, -33.2, 7, -0.02
1585296732.374399, 19.2, -33.6, 7, -0.02
1585296732.424471, 19, -34.3, 8, -0.02
1585296732.474443, 19.2, -34.5, 9, -0.02
1585296732.524493, 19, -34.6, 9, -0.02
1585296732.574441, 19.2, -34.8, 9, -0.01
1585296732.624483, 19, -34.8, 9, -0.01
1585296732.674448, 19.2, -34.8, 10, -0.01
1585296732.724470, 19, -34.8, 9, -0.01
1585296732.774450, 19.2, -34.3, 9, -0.01
1585296732.824447, 19, -33.9, 8, -0.02
1585296732.874452, 19.2, -32.8, 8, -0.02
1585296732.924446, 19, -32.4, 8, -0.02
1585296732.974503, 19.2, -31.9, 7, -0.02
1585296733.024513, 19, -30.6, 7, -0.02
1585296733.074487, 19.2, -29.6, 7, -0.02
1585296733.124479, 19, -29.4, 7, -0.02
1585296733.174477, 19.2, -28.6, 7, -0.01
1585296733.224544, 19, -27.9, 9, -0.02
1585296733.274529, 19.2, -26.3, 10, -0.02
1585296733.324600, 19, -25.3, 12, -0.02
1585296733.374519, 19.2, -23.7, 13, -0.04
1585296733.424583, 19, -22.3, 15, -0.07
1585296733.474537, 19.2, -20.3, 17, -0.09
1585296733.524542, 19, -18.8, 17, -0.1
1585296733.624544, 19, -15.3, 18, -0.12
1585296733.724561, 19, -12.1, 19, -0.11
1585296733.824588, 18.9, -7.9, 17, -0.08
1585296733.874571, 19, -6.4, 20, -0.04
1585296733.924570, 18.9, -4.8, 19, -0.03
1585296733.974609, 19, -3.1, 18, -0.02
1585296734.024593, 18.9, -1.9, 16, -0.02
1585296734.074585, 19, -0.4, 14, -0.02
1585296734.124583, 19, 1.4, 15, -0.03
1585296734.174587, 19, 3.4, 15, -0.04
1585296734.224649, 18.9, 4.8, 16, -0.06
1585296734.274582, 19, 6.2, 16, -0.08
1585296734.324611, 18.9, 7.7, 15, -0.09
1585296734.374618, 19, 9.5, 13, -0.07
1585296734.424657, 19, 9.6, 13, -0.06
1585296734.524664, 19, 13.8, 9, -0.02
1585296734.624701, 19, 16.5, 6, 0.02
1585296734.674626, 19.1, 18.9, 6, 0.02
1585296734.724726, 19, 20.5, 9, 0.03
1585296734.774653, 19.1, 22.1, 10, 0.02
1585296734.824723, 19, 22.9, 10, 0.02
1585296734.874654, 19.1, 25.5, 12, 0.02
1585296734.924657, 19, 27.8, 12, 0.02
1585296734.974668, 19.1, 29.4, 12, -0.01
1585296735.024719, 19, 29.9, 11, -0.02
1585296735.074706, 19.1, 31.8, 10, -0.01
1585296735.224742, 19, 36.9, 9, 0.02
1585296735.274708, 19.1, 38.3, 7, 0.02
1585296735.324705, 19, 38.9, 4, 0.05
1585296735.374694, 19.1, 39.2, 5, 0.05
1585296736.874840, 19.1, 39.1, 9, -0.12
1585296736.924934, 19, 38.7, 9, -0.12
1585296736.974877, 19.1, 37.4, 9, -0.12
1585296737.024936, 19, 36.9, 7, -0.12
1585296737.074881, 19.1, 34.8, 6, -0.12
1585296737.124949, 19, 32.9, 5, -0.1
1585296737.174910, 19.1, 30.5, 5, -0.09
1585296737.224942, 19, 29.4, 3, -0.09
1585296737.274883, 19.1, 29.1, -1, -0.09
1585296737.324964, 19, 26.9, -5, -0.08
1585296737.374951, 19.1, 25.5, -4, -0.09
1585296737.424978, 18.9, 23.1, -2, -0.08
1585296737.474953, 19, 22.2, -2, -0.08
1585296737.524974, 19, 20.3, -1, -0.05
1585296737.574934, 19, 18.6, 1, -0.06
1585296737.624951, 18.9, 17, 5, -0.05
1585296737.724952, 18.9, 14, 10, -0.03
1585296737.824981, 19, 9.7, 11, -0.01
1585296737.874987, 18.9, 7, 11, 0.02
1585296737.924970, 18.9, 5.2, 7, 0.03
1585296737.974946, 18.9, 3.7, 3, 0.05
1585296738.025066, 18.9, 2.1, 1, 0.07
1585296738.074980, 18.9, 0.4, 0, 0.09
1585296738.125071, 18.8, -0.9, 4, 0.1
1585296738.174983, 18.9, -2.1, 7, 0.11
1585296738.225079, 18.9, -3.6, 9, 0.12
1585296738.275020, 18.9, -5.8, 12, 0.12
1585296738.325051, 18.8, -7.2, 13, 0.12
1585296738.375004, 19, -8.7, 13, 0.12
1585296738.425072, 19, -10.5, 12, 0.11
1585296738.475010, 19.1, -11.9, 10, 0.11
1585296738.525044, 19, -12.6, 9, 0.12
1585296738.625060, 19, -16.7, 4, 0.13
1585296738.675040, 19.1, -18.8, 3, 0.14
1585296738.725087, 19, -20.1, -2, 0.15
1585296738.775063, 19.1, -21.3, -4, 0.16
1585296738.825060, 19, -22.7, -7, 0.2
1585296738.875066, 19.1, -23.9, -9, 0.2
1585296738.925104, 19, -25.4, -10, 0.22
1585296738.975080, 19.1, -25.2, -8, 0.23
1585296739.575144, 19.3, -32.1, -10, -0.01
1585296739.625162, 19.1, -32.4, -10, -0.02
1585296739.675152, 19.2, -32.1, -9, -0.02
1585296739.725204, 19.1, -32.8, -7, -0.01
1585296739.775189, 19.2, -32.8, -6, 0
1585296739.825137, 19, -32.9, -6, 0.01
1585296739.875192, 19.2, -32.6, -4, 0
1585296739.925264, 19, -32.8, -2, -0.01
1585296739.975208, 19.2, -32.8, -1, -0.01
1585296740.025226, 19.1, -32.8, 0, -0.02
1585296740.075193, 19.2, -32.3, 0, -0.02
1585296740.125199, 19.1, -31.7, 0, -0.02
1585296740.175183, 19.2, -31.3, -1, -0.03
1585296740.225223, 19, -30.6, -3, -0.05
1585296740.275197, 19.2, -29.2, -3, -0.04
1585296740.325288, 19.1, -28.3, -4, -0.03
1585296740.425290, 19.1, -26.1, -1, -0.02
1585296740.525264, 19.1, -22.9, 3, -0.03
1585296740.625319, 19.1, -19.8, 12, -0.1
1585296740.675239, 19.2, -17.3, 13, -0.13
1585296740.725298, 19.1, -15.3, 15, -0.16
1585296740.775246, 19.2, -13.4, 16, -0.15
1585296740.825347, 19.1, -12.3, 19, -0.14
1585296740.875251, 19.2, -11.5, 18, -0.14
1585296740.925302, 19, -10.1, 19, -0.14
1585296741.025294, 18.9, -5, 18, -0.15
1585296741.125301, 18.9, -1.1, 12, -0.14
1585296741.175319, 19, 0.9, 12, -0.12
1585296741.225389, 18.8, 2.6, 9, -0.12
1585296741.275324, 19, 4.3, 6, -0.12
1585296741.325370, 18.9, 5.2, 1, -0.09
1585296741.375344, 18.9, 6.7, -3, -0.09
1585296741.425405, 18.8, 8.2, -3, -0.09
1585296741.475379, 18.9, 9.9, -1, -0.03
1585296741.525409, 19, 10.1, 2, -0.01
1585296741.575442, 19.1, 12.1, 3, 0.01
1585296741.625397, 19, 13.6, 2, 0.04
1585296741.675349, 19.1, 14.5, 1, 0.08
1585296741.725397, 19, 15.6, 1, 0.11
1585296741.825394, 19, 18.7, 1, 0.13
1585296741.875362, 19.1, 19.9, 5, 0.13
1585296741.925419, 19, 21.6, 7, 0.13
1585296742.025444, 19, 22.9, 9, 0.12
1585296742.075375, 19.1, 24.9, 10, 0.11
1585296742.125419, 19, 26.7, 9, 0.09
1585296742.175371, 19.2, 28.4, 10, 0.05
1585296742.225400, 19, 29.6, 12, 0.03
1585296742.275466, 19.2, 29.9, 12, 0.02
1585296742.325465, 19, 31.4, 12, 0.02
1585296742.375428, 19.2, 32.6, 11, 0
1585296742.425541, 19, 33.5, 10, 0.02
1585296742.475464, 19.2, 35.2, 10, 0.03
1585296742.525530, 19, 36.7, 10, 0.06
1585296742.575508, 19.2, 37.2, 10, 0.07
1585296742.625502, 19, 38, 9, 0.08
1585296742.675454, 19.2, 38.7, 8, 0.05
1585296742.725495, 19, 38.8, 8, 0.05
1585296742.775465, 19.2, 38.8, 7, 0.03
1585296742.825511, 19.1, 38.9, 7, 0.04
1585296742.875498, 19.2, 39.3, 6, 0.04
1585296742.925508, 19, 40.6, 6, 0.04
1585296742.975543, 19.2, 41.6, 6, 0.02
1585296743.025544, 19.1, 42.5, 6, 0.02
1585296743.075511, 19.2, 42.7, 6, 0.01
1585296743.125545, 19.1, 43.1, 5, 0.01
1585296743.175503, 19.2, 43.2, 5, 0
1585296743.225557, 19, 43.4, 5, 0.01
1585296743.275519, 19.2, 43.4, 4, -0.01
1585296743.325553, 19, 43.1, 5, -0.01
1585296743.375505, 19.2, 43.1, 4, -0.01
1585296743.425606, 19, 42.6, 4, -0.02
1585296743.475573, 19.2, 41.9, 4, -0.02
1585296743.525490, 19, 41.3, 3, -0.02
1585296743.575551, 19.2, 40.4, 2, -0.02
1585296743.625661, 19, 40, 2, -0.04
1585296743.675600, 19.2, 39.2, 2, -0.04
1585296743.725611, 19, 38.9, 3, -0.05
1585296743.775579, 19.2, 38.6, 5, -0.08
1585296743.825613, 19, 38.4, 4, -0.09
1585296743.875581, 19.2, 38, 5, -0.1
1585296743.925638, 19.1, 36.9, 4, -0.09
1585296743.975587, 19.2, 36.7, 4, -0.09
1585296744.025583, 19, 35.4, 3, -0.09
1585296744.075647, 19.1, 33.1, 3, -0.09
1585296744.125588, 19, 30.7, -1, -0.09
1585296744.225631, 19, 28.6, -1, -0.06
1585296744.325682, 19.1, 23.6, -10, -0.02
1585296744.675650, 19.1, 13.1, -4, 0.01
1585296744.725686, 19, 11.2, -2, 0.03
1585296744.825727, 18.9, 6.2, 1, 0.09
1585296744.875749, 19, 4.1, 0, 0.1
1585296744.925750, 19, 1.8, -1, 0.11
1585296744.975738, 19, -0.8, 2, 0.11
1585296745.025703, 18.9, -2.3, 3, 0.1
1585296745.075706, 19, -4.3, 3, 0.09
1585296745.125713, 18.9, -5.9, 1, 0.08
1585296745.175709, 19, -7.2, -1, 0.09
1585296745.225763, 19, -8.2, -3, 0.1
1585296745.325755, 19, -12.4, -3, 0.12
1585296745.425781, 19, -14.4, -6, 0.16
1585296745.475761, 19.2, -17, -6, 0.16
1585296745.525800, 19.1, -18.8, -4, 0.18
1585296745.575752, 19.2, -20.4, -6, 0.15
1585296745.625807, 19, -22.9, -7, 0.16
1585296745.675766, 19.2, -23.9, -7, 0.15
1585296745.725809, 19.1, -25.3, -6, 0.16
1585296745.775816, 19.3, -26.2, -7, 0.13
1585296745.825807, 19.1, -27.3, -7, 0.12
1585296745.875813, 19.3, -28, -8, 0.02
1585296745.925801, 19.1, -28.4, -10, 0.02
1585296745.975799, 19.3, -28.3, -10, 0.01
1585296746.025903, 19.1, -28, -10, -0.01
1585296746.475875, 19.3, -28.1, -5, -0.09
1585296746.525906, 19.1, -27.9, -4, -0.09
1585296746.575894, 19.2, -27.9, -2, -0.1
1585296746.625890, 19.1, -27.7, -1, -0.1
1585296746.675921, 19.2, -27.3, 1, -0.11
1585296746.725908, 19.1, -26.3, 2, -0.1
1585296746.775862, 19.2, -25.4, 2, -0.1
1585296746.825853, 19, -24.6, 0, -0.09
1585296746.925946, 19, -22.8, -1, -0.09
1585296747.025901, 19.1, -20.3, 1, -0.03
1585296747.075883, 19.2, -18.5, 2, -0.02
1585296747.125913, 19.1, -17.4, 4, -0.02
1585296747.225921, 19.1, -14, 8, -0.02
1585296747.275949, 19.2, -12.4, 11, -0.02
1585296747.325999, 19.1, -11.9, 13, -0.03
1585296747.425966, 19, -7.8, 16, -0.07
1585296747.475952, 19, -6.6, 18, -0.09
1585296747.525980, 19, -4.9, 17, -0.09
1585296747.575941, 19, -2.8, 16, -0.09
1585296747.625985, 19, -1.3, 9, -0.09
1585296747.726048, 18.9, 2.4, 5, -0.05
1585296747.776030, 19, 4.4, 6, -0.02
1585296747.826075, 19, 5.4, 6, -0.01
1585296747.875994, 19, 6.9, 3, 0
1585296747.926059, 18.9, 8.2, 0, 0.01
1585296747.976005, 19.1, 9.9, 0, 0.01
1585296748.026036, 19, 10.6, 5, 0.02
1585296748.076002, 19.2, 12.5, 9, 0.02
1585296748.126037, 19.1, 14.1, 12, 0.02
1585296748.176007, 19.2, 15.4, 14, 0.01
1585296748.226019, 19.1, 17.2, 15, 0.02
1585296748.276059, 19.2, 19.4, 15, 0
1585296748.326055, 19, 21.1, 15, -0.01
1585296748.526125, 19, 29.4, 11, -0.02
1585296748.626127, 19, 32, 6, -0.02
1585296748.676080, 19.2, 33.2, 3, -0.01
1585296748.726131, 19, 34.7, 1, 0.02
1585296748.776065, 19.2, 36.9, -1, 0.09
1585296748.826124, 19, 37.3, -4, 0.1
1585296748.876088, 19.1, 37.4, -5, 0.11
1585296748.926108, 19.1, 38.2, -7, 0.11
1585296748.976176, 19.1, 38.6, -7, 0.11
1585296749.026155, 19.1, 39.3, -6, 0.11
1585296749.076169, 19.1, 40.4, -5, 0.09
1585296749.126168, 19, 41, -7, 0.07
1585296749.176200, 19.1, 42.8, -6, 0.05
1585296749.226175, 19.1, 43.2, -5, 0.05
1585296749.626254, 19, 44.7, -4, 0.03
1585296749.676162, 19.2, 44.9, -4, 0.02
1585296749.726232, 19.1, 44.4, -5, 0.02
1585296749.776180, 19.2, 44.4, -5, 0.02
1585296749.826216, 19.1, 42.9, -4, 0.02
1585296749.876224, 19.2, 41.2, -4, 0.01
1585296749.926261, 19, 39.5, -1, -0.01
1585296749.976216, 19.2, 38.9, 1, -0.01
1585296750.026215, 19.1, 38.7, 3, -0.02
1585296750.076215, 19.3, 37.4, 2, -0.02
1585296750.126295, 19.1, 36.9, 2, -0.02
1585296750.226221, 19.1, 32.8, 3, -0.02
1585296750.276275, 19.2, 31.1, 3, -0.02
1585296750.326287, 19.1, 29.2, 3, -0.02
1585296750.426267, 19.1, 26.4, 5, -0.02
1585296750.476300, 19.2, 24.2, 5, -0.02
1585296750.526303, 19.1, 22.4, 2, -0.02
1585296750.576276, 19.3, 21.6, -3, -0.02
1585296750.626298, 19, 20.1, -5, -0.04
1585296750.676296, 19.2, 18.9, -8, -0.03
1585296750.726302, 19.1, 16.4, -9, -0.03
1585296750.776278, 19.3, 15.3, -7, -0.04
1585296750.826327, 19.1, 14.3, -2, -0.05
1585296750.926324, 19, 10.6, -1, -0.03
1585296750.976296, 19.1, 7.7, 3, -0.01
1585296751.026362, 19, 5.8, 5, -0.01
1585296751.076392, 19, 4.4, 7, -0.01
1585296751.126385, 19, 2.9, 9, -0.01
1585296751.176346, 19.1, 1.1, 9, -0.01
1585296751.226385, 19, -0.4, 10, -0.01
1585296751.276362, 19.1, -1.6, 11, 0.01
1585296751.326359, 19, -2.6, 11, 0.02
1585296751.376366, 19, -4.4, 9, 0.02
1585296751.426395, 19, -6, 2, 0.05
1585296751.476391, 19, -7.3, -4, 0.09
1585296751.526409, 18.9, -8.7, -8, 0.1
1585296751.726405, 19.1, -14.8, -5, 0.12
1585296751.776388, 19.3, -16.1, -1, 0.11
1585296751.826520, 19.1, -17.8, 2, 0.11
1585296751.876395, 19.2, -18.8, 5, 0.1
1585296751.926378, 19.1, -20.5, 5, 0.1
1585296751.976407, 19.2, -21.8, 6, 0.08
1585296752.026435, 19.1, -22.9, 9, 0.05
1585296752.076446, 19.3, -24, 9, 0.02
1585296752.126396, 19.1, -25.1, 9, 0.03
1585296752.176444, 19.3, -25.3, 7, 0.02
1585296752.226426, 19.1, -25.9, 7, 0.03
1585296752.276438, 19.3, -26.8, 5, 0.02
1585296752.326481, 19.1, -27.6, 6, 0.05
1585296752.376490, 19.3, -27.9, 5, 0.04
1585296752.426476, 19.1, -28, 7, 0.03
1585296752.476503, 19.3, -28.1, 7, 0.02
1585296752.526537, 19.1, -28.3, 8, 0.02
1585296752.576461, 19.3, -28.4, 7, 0
1585296752.626465, 19.1, -28.6, 8, -0.01
1585296752.676452, 19.3, -28.5, 7, -0.02
1585296752.726453, 19.1, -28.7, 8, -0.02
1585296752.776489, 19.3, -28.5, 7, -0.03
1585296752.826563, 19.1, -28.3, 8, -0.03
1585296752.876502, 19.3, -28.3, 7, -0.03
1585296752.926547, 19.1, -28.1, 8, -0.04
1585296752.976494, 19.3, -28, 8, -0.03
1585296753.026538, 19.1, -27.3, 9, -0.04
1585296753.076525, 19.3, -26.8, 9, -0.03
1585296753.126532, 19.1, -25.7, 11, -0.03
1585296753.176499, 19.3, -25.3, 12, -0.02
1585296753.226590, 19.1, -25, 12, -0.02
1585296753.276665, 19.2, -24.1, 11, -0.01
1585296753.326543, 19.1, -22.5, 13, -0.01
1585296753.426631, 19.1, -20.4, 14, 0.01
1585296753.526552, 19.1, -17.9, 14, -0.01
1585296753.626646, 19.1, -14.6, 12, -0.02
1585296753.676616, 19.3, -12.8, 10, -0.02
1585296753.726633, 19.1, -11.9, 9, -0.05
1585296753.826629, 19.1, -8.8, 7, -0.09
1585296753.876625, 19.1, -7.9, 6, -0.08
1585296753.926639, 19, -7.1, 5, -0.07
1585296753.976640, 19.1, -6.1, 6, -0.08
1585296754.026587, 19.1, -4.9, 5, -0.05
1585296754.076639, 19.1, -3.1, 2, -0.04
1585296754.126630, 19, -1.9, -5, -0.02
1585296754.226672, 18.9, 1.1, -10, 0.01
1585296755.126743, 19.1, 27.9, -3, 0.07
1585296755.226772, 19, 30, -7, 0.04
1585296755.276749, 19.3, 32.1, -10, 0.04
1585296755.326804, 19.1, 33.9, -9, 0.02
1585296755.376733, 19.2, 36.1, -9, 0.02
1585296755.426749, 19.2, 35.9, -10, 0.02
1585296755.476747, 19.4, 38.1, -10, -0.01
1585296756.026852, 19.1, 44.9, -10, -0.01
1585296756.076820, 19.3, 43.8, -10, -0.01
1585296756.126899, 19.1, 44.6, -10, -0.02
1585296756.376849, 19.3, 44.7, -10, -0.06
1585296756.426829, 19, 42.6, -9, -0.09
1585296756.476855, 19.2, 41.7, -7, -0.09
1585296756.526926, 19, 40.4, -6, -0.09
1585296756.576919, 19.1, 39.2, -4, -0.1
1585296756.626932, 19, 38.9, -1, -0.1
1585296756.676858, 19.2, 38.2, 1, -0.11
1585296756.726893, 19.1, 37.2, 3, -0.12
1585296756.826899, 19, 34.8, 3, -0.11
1585296756.926925, 19.1, 30.1, 2, -0.1
1585296757.026997, 19, 27.9, 5, -0.09
1585296757.076946, 19.2, 24.6, 8, -0.05
1585296757.126945, 19.1, 22.6, 7, -0.03
1585296757.176943, 19.2, 21.6, 4, -0.02
1585296757.227002, 19.1, 20.1, 3, -0.02
1585296757.276944, 19.2, 18.9, 1, -0.01
1585296757.326980, 19.1, 17.1, -2, -0.01
1585296757.376967, 19.2, 16.2, -3, 0
1585296757.427057, 19, 14.1, -3, -0.01
1585296757.527012, 19, 11.2, -4, 0.01
1585296757.627000, 18.9, 5.9, 1, 0.02
1585296757.727004, 19, 2.2, 1, 0.03
1585296757.777040, 19.1, 0.2, 3, 0.02
1585296757.827018, 19, -1.1, 9, 0.02
1585296757.877020, 19, -2.2, 12, 0.01
1585296757.927030, 18.9, -3.6, 12, 0.02
1585296757.977021, 19, -5.6, 11, 0.02
1585296758.027051, 19, -6.9, 9, 0.03
1585296758.077027, 19.1, -8.4, 4, 0.04
1585296758.127089, 19.1, -9.8, 2, 0.09
1585296758.177077, 19.2, -12.1, -1, 0.11
1585296758.227068, 19, -12.5, -4, 0.15
1585296758.327124, 19.1, -15.7, -3, 0.21
1585296758.377073, 19.2, -17.9, -1, 0.21
1585296758.427084, 19.1, -19, 6, 0.2
1585296758.477094, 19.2, -20.3, 8, 0.13
1585296758.527083, 19.1, -21.2, 8, 0.11
1585296758.577088, 19.3, -22.8, 8, 0.09
1585296758.627127, 19.1, -23.7, 10, 0.06
1585296758.677077, 19.3, -24.9, 8, 0.03
1585296758.727134, 19.1, -25.7, 6, 0.02
1585296758.777084, 19.3, -26.4, 2, 0
1585296758.827124, 19.1, -28, -1, -0.01
1585296758.877133, 19.3, -28.1, -4, 0
1585296758.927145, 19.1, -28.1, -3, 0.02
1585296758.977125, 19.3, -28.6, -4, 0.02
1585296759.027157, 19.1, -28.4, -4, 0.03
1585296759.077109, 19.2, -28.4, -4, 0.03
1585296759.127161, 19.1, -28.3, -2, 0.04
1585296759.177131, 19.3, -28.1, -2, 0.02
1585296759.227159, 19.1, -28.3, 0, 0.02
1585296759.277143, 19.3, -28.1, 1, 0
1585296759.327153, 19.1, -28.5, 2, -0.01
1585296759.377132, 19.3, -28.7, 2, -0.02
1585296759.427189, 19.1, -28.9, 2, -0.03
1585296759.477180, 19.3, -28.9, 2, -0.05
1585296759.527242, 19.1, -28.5, 2, -0.08
1585296759.577199, 19.3, -28.5, 3, -0.09
1585296759.627284, 19.1, -28.1, 3, -0.1
1585296759.677210, 19.2, -27.4, 3, -0.11
1585296759.727249, 19.1, -26.3, 4, -0.11
1585296759.777194, 19.2, -25.3, 5, -0.12
1585296759.827223, 19.1, -25.1, 5, -0.12
1585296759.877208, 19.2, -23.9, 4, -0.12
1585296759.927249, 19.1, -22.3, 7, -0.12
1585296760.027245, 19.1, -19, 4, -0.12
1585296760.127245, 19, -16, -2, -0.09
1585296760.227234, 19, -12.9, -4, -0.06
1585296760.377287, 19, -7.5, 4, -0.02
1585296760.427303, 19, -6, 9, -0.02
1585296760.477284, 19, -3.9, 12, -0.01
1585296760.527361, 18.9, -2.4, 12, -0.02
1585296760.577332, 19, -0.9, 9, -0.02
1585296760.627345, 19, 0.9, 9, -0.03
1585296760.677354, 19, 3.2, 9, -0.04
1585296760.727360, 19, 4.8, 11, -0.05
1585296760.777280, 19.1, 6.5, 9, -0.05
1585296760.827385, 19, 8.2, 6, -0.09
1585296760.927379, 19.1, 10.2, 3, -0.05
1585296761.027383, 19, 13.2, -5, -0.01
1585296761.277363, 19.1, 21.6, -5, 0.02
1585296761.327403, 19.1, 21.9, -3, 0.03
1585296761.427406, 19, 25.7, -2, 0.07
1585296761.477373, 19.1, 28.6, -2, 0.07
1585296761.527406, 19, 28.8, -1, 0.05
1585296761.627448, 19, 32.6, -1, 0.02
1585296761.677388, 19.1, 35.4, -1, 0.01
1585296761.727406, 19, 36.6, -1, 0.01
1585296761.777455, 19.2, 36.9, -2, 0
1585296761.827452, 19.1, 37.4, -6, 0.01
1585296761.877445, 19.3, 38.2, -9, 0.02
1585296761.927443, 19.1, 38.6, -8, 0.04
1585296761.977455, 19.3, 38.9, -4, 0.05
1585296762.027460, 19, 38.9, -1, 0.05
1585296762.077442, 19.2, 38.7, 1, 0.08
1585296762.127529, 19.1, 39.2, 2, 0.09
1585296762.177506, 19.2, 39.7, 2, 0.09
1585296762.227471, 19, 40.6, 2, 0.09
1585296762.277453, 19.2, 41, 1, 0.09
1585296762.327506, 19, 41.9, 2, 0.07
1585296762.377515, 19.2, 42.6, 2, 0.02
1585296762.427526, 19.1, 42.6, 2, 0.01
1585296762.477529, 19.2, 42.6, 2, -0.02
1585296762.527516, 19, 42.3, 2, -0.02
1585296762.577507, 19.2, 42.2, 2, -0.02
1585296762.627546, 19.1, 42.5, 3, -0.02
1585296762.677504, 19.3, 42.7, 2, -0.01
1585296762.727551, 19.1, 42.8, 2, -0.01
1585296762.777543, 19.2, 42.4, 3, -0.01
1585296762.827561, 19.1, 41.3, 3, 0.01
1585296762.877521, 19.2, 40.7, 3, 0
1585296762.927577, 19.1, 40.2, 4, -0.01
1585296762.977542, 19.2, 39.4, 4, -0.02
1585296763.027582, 19, 38.6, 5, -0.04
1585296763.077595, 19.2, 38.4, 8, -0.07
1585296763.127635, 19.1, 39.1, 10, -0.09
1585296763.177598, 19.2, 38.6, 11, -0.09
1585296763.227630, 19.1, 37.8, 11, -0.09
1585296763.277606, 19.2, 37.2, 9, -0.09
1585296763.327606, 19.1, 36.7, 0, -0.09
1585296763.577615, 19.1, 29.8, 0, -0.1
1585296763.627687, 19, 28.4, 0, -0.1
1585296763.677606, 19, 26.8, 0, -0.1
1585296763.727618, 18.9, 25.3, -3, -0.09
1585296763.777648, 19, 24.4, -2, -0.06
1585296763.827696, 18.9, 23.4, -2, -0.06
1585296763.877656, 19.1, 22.5, -2, -0.03
1585296763.927655, 19, 22.2, -1, -0.05
1585296763.977649, 19, 21.9, -1, -0.04
1585296764.027686, 19.1, 21.6, 1, -0.02
1585296764.077690, 19, 20.6, 2, -0.03
1585296764.127645, 19.1, 20.5, 3, -0.04
1585296764.177636, 18.9, 20.1, 4, -0.07
1585296764.227698, 19.1, 19.6, 4, -0.09
1585296764.277727, 19.3, 18.6, 2, -0.11
1585296764.327685, 19.1, 17.5, 0, -0.09
1585296764.377718, 18.8, 16.8, 0, -0.04
1585296764.427722, 19, 15.8, 0, 0.02
1585296764.477695, 19.3, 14.9, 1, -0.05
1585296764.527777, 19, 13.8, 0, -0.06
1585296764.577728, 19, 12.1, -3, -0.02
1585296764.627752, 19, 10.4, -10, -0.01
1585296764.777754, 19.6, 5.7, 0, 0.04
1585296764.827755, 19, 5.1, 1, 0.13
1585296764.877704, 19.2, 4.3, -1, 0.12
1585296764.927756, 19.4, 3.7, -1, 0.12
1585296764.977756, 19.3, 3, -4, 0.06
1585296765.027771, 19.1, 2.7, -3, 0.05
1585296765.077740, 19.4, 2.8, -7, 0
1585296765.177734, 19.5, 3.2, -9, -0.07
1585296765.227783, 19.2, 3, -8, -0.09
1585296765.277755, 19.8, 3, -4, -0.06
1585296765.327858, 19.2, 3.7, -2, -0.02
1585296765.377794, 19.4, 4.1, -5, 0.01
1585296765.427788, 18.8, 4.3, -1, 0.02
1585296765.477848, 19, 4.6, 1, 0.01
1585296765.527833, 18.8, 4.7, 1, 0.01
