1585296676.952433, 14.2757, 13.04, -1.08035
1585296677.052518, 14.1557, 13.1635, -1.04905
1585296677.152596, 13.9799, 13.3118, -0.984691
1585296677.252711, 13.7676, 13.4941, -0.892977
1585296677.352838, 13.5889, 13.6959, -0.795068
1585296677.452924, 13.4559, 13.8678, -0.863698
1585296677.552986, 13.278, 14.0174, -1.09747
1585296677.653052, 13.1044, 14.1803, -1.37704
1585296677.753179, 12.971, 14.2823, -1.61705
1585296677.853236, 12.8659, 14.3755, -1.61015
1585296677.953302, 12.6271, 14.591, -1.39957
1585296678.053414, 12.2216, 14.8859, -1.12258
1585296678.153460, 11.6744, 15.3596, -0.933416
1585296678.253580, 11.1355, 15.7949, -0.913929
1585296678.353622, 10.6335, 16.138, -0.948812
1585296678.453732, 10.2691, 16.3711, -0.968121
1585296678.553808, 9.97561, 16.553, -0.982613
1585296678.653908, 9.8234, 16.6342, -0.853408
1585296678.753973, 9.72827, 16.6856, -0.744544
1585296678.854084, 9.61705, 16.7554, -0.709359
1585296678.954147, 9.63899, 16.7513, -0.642179
1585296679.054288, 9.55928, 16.7987, -0.685985
1585296679.154333, 9.47561, 16.8503, -0.727198
1585296679.254422, 9.29234, 16.9561, -0.664141
1585296679.354510, 8.97683, 17.1423, -0.601425
1585296679.454623, 8.57952, 17.3318, -0.594053
1585296679.554690, 8.13015, 17.5301, -0.537767
1585296679.654770, 7.47666, 17.7517, -0.472022
1585296679.754847, 6.84453, 18.0392, -0.408395
1585296679.854969, 6.3582, 18.2651, -0.404734
1585296679.955033, 5.98232, 18.3844, -0.394152
1585296680.055143, 5.63999, 18.4936, -0.374847
1585296680.155187, 5.33147, 18.5806, -0.376739
1585296680.255256, 5.04534, 18.6465, -0.359749
1585296680.355367, 4.80878, 18.7038, -0.34349
1585296680.455472, 4.5839, 18.737, -0.371822
1585296680.555555, 4.3593, 18.801, -0.360593
1585296680.655670, 4.22408, 18.8501, -0.364583
1585296680.755732, 4.13497, 18.8771, -0.351263
1585296680.855836, 4.04608, 18.9008, -0.326116
1585296680.955965, 3.93299, 18.9244, -0.278851
1585296681.056000, 3.81994, 18.9393, -0.253767
1585296681.156083, 3.74379, 18.9524, -0.239555
1585296681.256146, 3.68353, 18.9615, -0.233187
1585296681.356235, 3.61496, 18.9781, -0.239979
1585296681.456314, 3.60394, 18.9808, -0.248382
1585296681.556394, 3.61485, 18.9784, -0.29334
1585296681.656478, 3.66915, 18.9697, -0.332446
1585296681.756580, 3.75419, 18.9535, -0.386912
1585296681.856691, 3.87869, 18.9327, -0.433763
1585296681.956779, 4.04853, 18.9072, -0.48057
1585296682.056814, 4.3029, 18.8701, -0.535142
1585296682.156925, 4.62199, 18.8094, -0.569611
1585296682.257026, 4.96909, 18.6936, -0.55034
1585296682.357092, 5.30987, 18.57, -0.532984
1585296682.457196, 5.62522, 18.4788, -0.500915
1585296682.557352, 5.93441, 18.3789, -0.447612
1585296682.657389, 6.21976, 18.284, -0.414024
1585296682.757461, 6.4935, 18.1953, -0.407248
1585296682.857533, 6.7979, 18.1146, -0.415692
1585296682.957642, 7.18386, 17.9841, -0.428874
1585296683.057690, 7.58685, 17.7964, -0.406625
1585296683.157812, 7.94053, 17.6028, -0.382542
1585296683.257852, 8.21312, 17.4793, -0.356625
1585296683.357985, 8.47074, 17.3581, -0.33187
1585296683.458035, 8.71215, 17.2439, -0.32544
1585296683.558125, 8.96108, 17.122, -0.334936
1585296683.658202, 9.11859, 17.0485, -0.274996
1585296683.758291, 9.26845, 16.9711, -0.213015
1585296683.858424, 9.40525, 16.897, -0.180862
1585296683.958444, 9.63661, 16.7378, -0.208475
1585296684.058579, 9.90267, 16.5794, -0.218921
1585296684.158719, 10.1911, 16.3999, -0.199684
1585296684.258733, 10.4709, 16.2324, -0.233001
1585296684.358829, 10.7219, 16.0841, -0.376046
1585296684.458959, 10.9599, 15.9244, -0.553542
1585296684.558984, 11.2282, 15.7643, -0.772634
1585296684.659073, 11.5441, 15.5754, -0.888261
1585296684.759198, 11.8825, 15.2862, -0.758333
1585296684.859252, 12.2772, 14.9145, -0.726898
1585296684.959384, 12.6865, 14.5416, -0.759729
1585296685.059429, 13.1074, 14.1645, -0.769135
1585296685.159545, 13.4597, 13.8277, -0.793837
1585296685.259619, 13.7987, 13.4958, -0.869903
1585296685.359708, 14.1142, 13.1675, -0.954602
1585296685.459803, 14.5048, 12.795, -1.01634
1585296685.559812, 14.8964, 12.3609, -0.88791
1585296685.659969, 15.2549, 11.8344, -0.841362
1585296685.760112, 15.6416, 11.2914, -0.923017
1585296685.860106, 16.0592, 10.6852, -0.97654
1585296685.960216, 16.4126, 10.1198, -1.00927
1585296686.060286, 16.7292, 9.58515, -1.07054
1585296686.160372, 17.0128, 9.13922, -1.01382
1585296686.260478, 17.3024, 8.65342, -0.940495
1585296686.360543, 17.5679, 8.20358, -0.755235
1585296686.460637, 17.7912, 7.63611, -0.757844
1585296686.560714, 18.0061, 6.96185, -0.95312
1585296686.660814, 18.2465, 6.22753, -1.16488
1585296686.760900, 18.4291, 5.58541, -1.31917
1585296686.860982, 18.6396, 4.85993, -1.45637
1585296686.961042, 18.8065, 4.26334, -1.5517
1585296687.061226, 18.9532, 3.73917, -1.61445
1585296687.161229, 19.0667, 3.31967, -1.73192
1585296687.261320, 19.1687, 2.71077, -1.66271
1585296687.361544, 19.1862, 1.99043, -1.55207
1585296687.461487, 19.2163, 1.39977, -1.54422
1585296687.561581, 19.2533, 0.940187, -1.49228
1585296687.661709, 19.2722, 0.610869, -1.45218
1585296687.761760, 19.2838, 0.314923, -1.43463
1585296687.861831, 19.3121, 0.00470176, -1.37295
1585296687.961926, 19.313, -0.232631, -1.4256
1585296688.062024, 19.3119, -0.295402, -1.44302
1585296688.162104, 19.3119, -0.331471, -1.40418
1585296688.262191, 19.3106, -0.347936, -1.36669
1585296688.362267, 19.3164, -0.291604, -1.3491
1585296688.462339, 19.3213, -0.186294, -1.34997
1585296688.562437, 19.3286, 0.0338398, -1.38844
1585296688.662616, 19.316, 0.413786, -1.39953
1585296688.762628, 19.275, 0.965843, -1.43924
1585296688.862715, 19.0441, 1.94039, -1.52509
1585296688.962873, 18.9964, 3.22999, -1.61922
1585296689.062874, 18.8579, 4.11581, -1.55285
1585296689.162947, 18.6964, 4.80547, -1.45104
1585296689.263055, 18.5154, 5.47072, -1.31831
1585296689.363133, 18.3254, 6.04901, -1.15976
1585296689.463206, 18.0815, 6.70641, -1.21695
1585296689.563319, 17.7798, 7.41531, -1.33574
1585296689.663410, 17.3828, 8.23077, -1.44077
1585296689.763474, 16.6267, 9.61368, -1.51095
1585296689.863556, 16.2376, 10.3049, -1.54123
1585296689.963651, 15.8747, 10.8587, -1.57387
1585296690.063713, 15.45, 11.4399, -1.64891
1585296690.163852, 14.9831, 12.0219, -1.58484
1585296690.263964, 14.4434, 12.6405, -1.6507
1585296690.363995, 13.885, 13.2243, -1.69929
1585296690.464080, 13.1403, 13.9271, -1.65875
1585296690.564173, 11.9186, 15.0072, -1.42058
1585296690.664250, 11.3116, 15.5071, -1.20471
1585296690.764346, 10.8092, 15.8715, -1.0152
1585296690.864413, 10.295, 16.2073, -0.798754
1585296690.964536, 9.73881, 16.5423, -0.702484
1585296691.064584, 9.14899, 16.8576, -0.729198
1585296691.164699, 8.50288, 17.1697, -0.799748
1585296691.264781, 7.39697, 17.5616, -0.888967
1585296691.364830, 6.70784, 17.9428, -0.836358
1585296691.464941, 6.26747, 18.1602, -0.756461
1585296691.565037, 5.87219, 18.3041, -0.65956
1585296691.665112, 5.59536, 18.393, -0.461789
1585296691.765195, 5.10572, 18.5471, -0.383107
1585296691.865414, 4.47721, 18.6936, -0.292506
1585296691.965360, 3.78655, 18.8195, -0.338292
1585296692.065469, 2.85897, 18.916, -0.358567
1585296692.165643, 2.16922, 19.0869, -0.28411
1585296692.265654, 1.65002, 19.1819, -0.187121
1585296692.365725, 1.23907, 19.2216, -0.0968196
1585296692.465803, 0.862614, 19.2385, -0.0389695
1585296692.565901, 0.59002, 19.232, 0.0149926
1585296692.665966, 0.512255, 19.2212, 0.060703
1585296692.766078, 0.4373, 19.2262, 0.0579957
1585296692.866168, 0.365563, 19.2238, 0.0566393
1585296692.966257, 0.35085, 19.2303, 0.0269638
1585296693.066335, 0.448281, 19.2245, -0.00875187
1585296693.166403, 0.548487, 19.2217, -0.0568742
1585296693.266488, 0.859084, 19.2033, -0.131709
1585296693.366596, 1.27583, 19.1733, -0.185897
1585296693.466706, 1.84925, 19.1369, -0.278829
1585296693.566740, 2.56656, 19.0702, -0.372214
1585296693.666842, 3.52265, 18.9606, -0.453053
1585296693.766982, 4.8799, 18.6009, -0.505108
1585296693.866994, 5.44763, 18.4035, -0.537848
1585296693.967078, 5.96025, 18.2384, -0.633133
1585296694.067183, 6.46385, 18.0667, -0.812319
1585296694.167257, 7.0508, 17.8358, -0.91608
1585296694.267350, 7.7524, 17.556, -0.845705
1585296694.367464, 8.51793, 17.2015, -0.7883
1585296694.467548, 9.39676, 16.756, -0.822542
1585296694.567636, 10.6993, 16.0252, -0.886044
1585296694.667697, 11.2497, 15.5867, -0.882487
1585296694.767763, 11.7205, 15.198, -0.928893
1585296694.867866, 12.1879, 14.812, -1.06524
1585296694.967964, 12.6594, 14.4137, -1.23503
1585296695.068161, 13.2111, 13.9141, -1.31628
1585296695.168140, 13.8183, 13.3238, -1.32801
1585296695.268208, 14.4873, 12.5782, -1.3677
1585296695.368414, 15.2024, 11.7419, -1.42304
1585296695.468378, 15.9274, 10.862, -1.43515
1585296695.568481, 16.2381, 10.3276, -1.35889
1585296695.668557, 16.4991, 9.86175, -1.40318
1585296695.768639, 16.7354, 9.45788, -1.53063
1585296695.868749, 17.0081, 8.96376, -1.57922
1585296695.968831, 17.3103, 8.3864, -1.54783
1585296696.068952, 17.6389, 7.67867, -1.59077
1585296696.168996, 17.9873, 6.82117, -1.65473
1585296696.269082, 18.3751, 5.93912, -1.82889
1585296696.369139, 18.5267, 5.20748, -1.94888
1585296696.469263, 18.6635, 4.50943, -2.08884
1585296696.569316, 18.8075, 3.91247, -2.24002
1585296696.669427, 18.9134, 3.34453, -2.3225
1585296696.769537, 19.0258, 2.75461, -2.31367
1585296696.869606, 19.1201, 2.13165, -2.27794
1585296696.969773, 19.2251, 1.48213, -2.20654
1585296697.069747, 19.3141, 0.926751, -2.13704
1585296697.169875, 19.344, 0.467223, -2.03403
1585296697.269927, 19.3456, 0.119201, -1.90539
1585296697.370029, 19.3335, -0.0684007, -1.83471
1585296697.470134, 19.33, -0.124369, -1.81808
1585296697.570185, 19.3304, -0.168782, -1.81268
1585296697.670299, 19.3328, -0.202224, -1.78941
1585296697.770379, 19.3356, -0.191597, -1.78378
1585296697.870471, 19.3312, -0.203562, -1.77117
1585296697.970515, 19.329, -0.175566, -1.74078
1585296698.070608, 19.335, -0.102714, -1.68706
1585296698.170737, 19.347, 0.00487695, -1.64687
1585296698.270812, 19.3508, 0.179939, -1.60697
1585296698.370896, 19.3452, 0.428465, -1.56536
1585296698.470985, 19.3391, 0.737686, -1.53991
1585296698.571087, 19.3168, 1.13314, -1.54357
1585296698.671168, 19.2655, 1.7598, -1.56185
1585296698.771244, 18.9956, 2.75485, -1.5524
1585296698.871284, 18.925, 3.64512, -1.44056
1585296698.971383, 18.8644, 4.24648, -1.20134
1585296699.071460, 18.7744, 4.78189, -1.02196
1585296699.171552, 18.6587, 5.18745, -0.883967
1585296699.271639, 18.5193, 5.65096, -0.928986
1585296699.371775, 18.335, 6.20352, -1.0413
1585296699.471862, 18.0883, 6.86498, -1.18627
1585296699.571942, 17.6931, 7.59897, -1.37649
1585296699.672030, 17.3744, 8.27013, -1.49311
1585296699.772120, 17.2169, 8.68346, -1.47566
1585296699.872281, 17.0485, 9.05323, -1.38176
1585296699.972294, 16.8424, 9.42462, -1.37879
1585296700.072379, 16.581, 9.86206, -1.45314
1585296700.172498, 16.2587, 10.3578, -1.50783
1585296700.272524, 15.8846, 10.9223, -1.53224
1585296700.372583, 15.3898, 11.5088, -1.53816
1585296700.472675, 15.0288, 12.0066, -1.35966
1585296700.572806, 14.7469, 12.4276, -1.11905
1585296700.672892, 14.3624, 12.9021, -0.879935
1585296700.772936, 13.9231, 13.366, -0.83549
1585296700.873059, 13.4189, 13.8664, -0.883553
1585296700.973141, 12.8319, 14.3884, -0.949069
1585296701.073232, 12.1874, 14.9129, -1.06341
1585296701.173303, 11.4155, 15.4266, -1.13455
1585296701.273431, 10.7361, 15.9187, -1.12239
1585296701.373482, 10.3329, 16.2506, -1.01715
1585296701.473670, 9.93336, 16.502, -0.833498
1585296701.573666, 9.58099, 16.7138, -0.736422
1585296701.673759, 9.15047, 16.9584, -0.716197
1585296701.773849, 8.59763, 17.2376, -0.726122
1585296701.873934, 7.93083, 17.5466, -0.796267
1585296701.974012, 7.11169, 17.8143, -0.829792
1585296702.074097, 6.55244, 18.0778, -0.821321
1585296702.174137, 6.10664, 18.2872, -0.729394
1585296702.274311, 5.66662, 18.4326, -0.547769
1585296702.374353, 5.18012, 18.5768, -0.488272
1585296702.474482, 4.59, 18.7296, -0.511594
1585296702.574563, 3.88416, 18.8687, -0.625467
1585296702.674592, 3.22686, 18.972, -0.698831
1585296702.774719, 2.69217, 19.0153, -0.770485
1585296702.874799, 2.30909, 19.0917, -0.72227
1585296702.974880, 2.03202, 19.1637, -0.649486
1585296703.075079, 1.88536, 19.1704, -0.607913
1585296703.175044, 1.87, 19.1726, -0.60547
1585296703.275125, 1.84345, 19.1773, -0.606817
1585296703.375231, 1.81428, 19.1823, -0.569889
1585296703.475307, 1.89851, 19.18, -0.538926
1585296703.575373, 2.02055, 19.1881, -0.538388
1585296703.675504, 2.36937, 19.1435, -0.583245
1585296703.775605, 2.72544, 19.0615, -0.653239
1585296703.875654, 3.19661, 18.9808, -0.657766
1585296703.975777, 3.74497, 18.8709, -0.668156
1585296704.075848, 4.39125, 18.7258, -0.675322
1585296704.175906, 5.11058, 18.546, -0.635315
1585296704.275952, 5.72205, 18.3892, -0.691876
1585296704.376089, 6.27466, 18.2568, -0.755019
1585296704.476175, 6.84659, 18.0679, -0.934039
1585296704.576291, 7.31131, 17.8389, -1.1235
1585296704.676403, 7.81432, 17.5764, -1.14869
1585296704.776439, 8.39929, 17.2993, -1.09842
1585296704.876471, 9.13576, 16.9122, -1.05346
1585296704.976602, 9.95449, 16.4487, -0.980849
1585296705.076663, 10.583, 16.0848, -0.928158
1585296705.176728, 11.0172, 15.7949, -0.898238
1585296705.276869, 11.4355, 15.5523, -1.01893
1585296705.376990, 11.8886, 15.1967, -1.18959
1585296705.477034, 12.4034, 14.7232, -1.14782
1585296705.577154, 13.0033, 14.1863, -1.12156
1585296705.677232, 13.674, 13.5367, -1.10587
1585296705.777334, 14.2882, 12.8982, -1.10985
1585296705.877379, 14.7502, 12.3801, -1.18879
1585296705.977470, 15.1866, 11.857, -1.24858
1585296706.077553, 15.6476, 11.2822, -1.38769
1585296706.177627, 16.1721, 10.6488, -1.65401
1585296706.277737, 16.5192, 10.026, -1.75793
1585296706.377843, 16.828, 9.39784, -1.85487
1585296706.477933, 17.1651, 8.73288, -1.91317
1585296706.578054, 17.5038, 8.02876, -1.85742
1585296706.678106, 17.7308, 7.53026, -1.8379
1585296706.778129, 17.8793, 7.17104, -1.85306
1585296706.878206, 18.0371, 6.75362, -1.98881
1585296706.978347, 18.2786, 6.25375, -2.07439
1585296707.078421, 18.5192, 5.55796, -2.09727
1585296707.178523, 18.6871, 4.78372, -1.96076
1585296707.278585, 18.8594, 4.04061, -1.77705
1585296707.378711, 18.9982, 3.35242, -1.75813
1585296707.478770, 19.0813, 2.86818, -1.81543
1585296707.578887, 19.1055, 2.56098, -1.96863
1585296707.678964, 19.1553, 2.18359, -2.15097
1585296707.779061, 19.1934, 1.9177, -2.27671
1585296707.879119, 19.234, 1.6806, -2.33689
1585296707.979239, 19.2828, 1.25515, -2.15363
1585296708.079341, 19.2861, 0.92798, -2.03175
1585296708.179448, 19.2991, 0.797104, -2.03542
1585296708.279478, 19.3061, 0.709205, -1.98661
1585296708.379614, 19.3142, 0.608902, -1.95315
1585296708.479661, 19.3204, 0.529485, -1.92407
1585296708.579731, 19.3297, 0.495986, -1.88223
1585296708.679845, 19.3291, 0.520991, -1.84478
1585296708.779937, 19.3219, 0.599159, -1.77846
1585296708.879987, 19.3296, 0.727531, -1.67827
1585296708.980064, 19.3359, 0.942585, -1.62104
1585296709.080133, 19.3229, 1.24243, -1.57004
1585296709.180206, 19.2922, 1.61626, -1.56203
1585296709.280357, 19.2465, 2.18141, -1.62945
1585296709.380407, 19.1287, 2.95255, -1.67588
1585296709.480603, 18.8807, 3.8219, -1.62085
1585296709.580619, 18.796, 4.35925, -1.37953
1585296709.680664, 18.7198, 4.81231, -1.08242
1585296709.780749, 18.6505, 5.23235, -0.936674
1585296709.880793, 18.499, 5.71266, -1.10471
1585296709.980868, 18.2916, 6.30992, -1.33319
1585296710.080955, 18.005, 7.04505, -1.52762
1585296710.181081, 17.7041, 7.71663, -1.63077
1585296710.281161, 17.4351, 8.22219, -1.59612
1585296710.381264, 17.1565, 8.67546, -1.45845
1585296710.481342, 16.9288, 9.20375, -1.26357
1585296710.581437, 16.6664, 9.73428, -1.36113
1585296710.681547, 16.3194, 10.2877, -1.49308
1585296710.781622, 15.8856, 10.9417, -1.54486
1585296710.881698, 15.4269, 11.5656, -1.56405
1585296710.981812, 15.0616, 12.0194, -1.57913
1585296711.081902, 14.6494, 12.4566, -1.56103
1585296711.181956, 13.9533, 13.0877, -1.5375
1585296711.282049, 13.4556, 13.684, -1.64726
1585296711.382220, 12.9987, 14.1349, -1.92316
1585296711.482185, 12.5402, 14.5344, -1.976
1585296711.582317, 12.1296, 14.8899, -1.87432
1585296711.682412, 11.8922, 15.0833, -1.80161
1585296711.782477, 11.682, 15.2697, -1.65896
1585296711.882572, 11.2882, 15.5287, -1.43651
1585296711.982627, 10.7687, 15.8438, -1.22225
1585296712.082720, 10.1887, 16.3105, -1.23337
1585296712.182827, 9.49736, 16.7704, -1.21856
1585296712.282899, 8.81498, 17.1365, -1.14492
1585296712.382998, 8.37374, 17.3503, -1.1746
1585296712.483078, 8.04899, 17.5096, -1.11411
1585296712.583145, 7.71686, 17.6576, -1.01884
1585296712.683267, 7.19234, 17.8207, -0.789646
1585296712.783342, 6.45846, 18.0605, -0.716877
1585296712.883442, 5.55892, 18.469, -0.755134
1585296712.983535, 4.67794, 18.73, -0.77687
1585296713.083566, 4.08657, 18.857, -0.738373
1585296713.183660, 3.75861, 18.9213, -0.650183
1585296713.283774, 3.48021, 18.978, -0.565833
1585296713.383856, 3.22507, 19.018, -0.493135
1585296713.483969, 3.06534, 19.0196, -0.405641
1585296713.584009, 2.78218, 19.0413, -0.463863
1585296713.684119, 2.49016, 19.1038, -0.53706
1585296713.784225, 2.33696, 19.1424, -0.540018
1585296713.884284, 2.25682, 19.154, -0.490367
1585296713.984361, 2.25244, 19.1575, -0.456958
1585296714.084495, 2.25562, 19.1575, -0.44461
1585296714.184566, 2.27973, 19.1472, -0.433724
1585296714.284719, 2.38351, 19.149, -0.483408
1585296714.384716, 2.68615, 19.1287, -0.471465
1585296714.484797, 3.18034, 19.0221, -0.382329
1585296714.584995, 3.76681, 18.8644, -0.312142
1585296714.685003, 4.23835, 18.7675, -0.294976
1585296714.785107, 4.6076, 18.6801, -0.325877
1585296714.885167, 4.95946, 18.5807, -0.444929
1585296714.985260, 5.40011, 18.4731, -0.619952
1585296715.085355, 5.75126, 18.3956, -0.745465
1585296715.185397, 6.37217, 18.2437, -0.77119
1585296715.285534, 7.26258, 17.8281, -0.743938
1585296715.385583, 8.08166, 17.428, -0.736267
1585296715.485665, 8.78051, 17.0841, -0.857434
1585296715.585750, 9.22284, 16.8505, -0.810362
1585296715.685827, 9.703, 16.5777, -0.99929
1585296715.785924, 10.2154, 16.2606, -1.2736
1585296715.886088, 10.6867, 15.9541, -1.37824
1585296715.986096, 11.2767, 15.5772, -1.27986
1585296716.086217, 12.5097, 14.615, -1.14849
1585296716.186340, 13.404, 13.7264, -1.21038
1585296716.286386, 14.0344, 13.0526, -1.40393
1585296716.386458, 14.5325, 12.4566, -1.6434
1585296716.486536, 14.9964, 11.871, -1.93178
1585296716.586606, 15.4116, 11.3319, -2.03926
1585296716.686694, 15.7773, 10.8308, -2.00321
1585296716.786796, 16.2565, 10.1432, -1.8226
1585296716.886820, 16.8026, 9.25985, -1.73326
1585296716.986975, 17.8544, 7.15867, -1.74153
1585296717.087079, 18.2785, 5.79987, -1.8702
1585296717.187118, 18.5286, 4.87031, -2.00489
1585296717.287251, 18.7228, 4.07818, -2.08768
1585296717.387348, 18.892, 3.30417, -2.11835
1585296717.487485, 19.0011, 2.68683, -2.21156
1585296717.587488, 19.119, 2.08657, -2.09568
1585296717.687564, 19.2192, 1.56633, -1.94318
1585296717.787707, 19.2879, 1.11252, -1.84296
1585296717.887786, 19.2875, 0.518591, -1.73926
1585296717.987826, 19.2539, 0.122611, -1.65297
1585296718.087949, 19.2537, -0.0715647, -1.58874
1585296718.188039, 19.2598, -0.153017, -1.52258
1585296718.288086, 19.2693, -0.11697, -1.4558
1585296718.388162, 19.2758, 0.0527614, -1.38596
1585296718.488267, 19.2588, 0.388855, -1.35239
1585296718.588337, 19.1323, 0.978235, -1.38568
1585296718.688389, 19.0545, 2.1452, -1.54279
1585296718.788518, 18.9316, 3.6326, -1.61041
1585296718.888617, 18.6687, 4.78974, -1.55391
1585296718.988695, 18.4044, 5.73864, -1.3587
1585296719.088794, 18.0717, 6.70834, -1.11447
1585296719.188862, 17.6771, 7.67097, -0.92848
1585296719.288931, 17.2249, 8.60183, -0.976206
1585296719.389142, 16.659, 9.61935, -1.20227
1585296719.489155, 15.3314, 11.436, -1.41345
1585296719.589216, 14.654, 12.3726, -1.46477
1585296719.689314, 14.0173, 13.1273, -1.40606
1585296719.789400, 13.3207, 13.8353, -1.21962
1585296719.889450, 12.5956, 14.4944, -1.16514
1585296719.989557, 11.8573, 15.0913, -1.26893
1585296720.089622, 10.8966, 15.8004, -1.33132
1585296720.189719, 9.70699, 16.5427, -1.29964
1585296720.289799, 8.1287, 17.3573, -1.24878
1585296720.389926, 7.1297, 17.8414, -1.12864
1585296720.489980, 6.21453, 18.2062, -0.854141
1585296720.590070, 5.41719, 18.4477, -0.587948
1585296720.690188, 4.68989, 18.6409, -0.603016
1585296720.790243, 3.95195, 18.802, -0.621355
1585296720.890338, 3.23908, 18.9239, -0.598818
1585296720.990451, 2.76057, 18.9838, -0.489008
1585296721.090509, 2.39203, 19.0483, -0.353811
1585296721.190597, 2.18175, 19.0934, -0.266993
1585296721.290699, 2.15551, 19.0946, -0.211434
1585296721.390732, 2.21751, 19.0862, -0.173768
1585296721.490871, 2.17686, 19.0956, -0.226327
1585296721.590946, 2.17867, 19.0989, -0.241061
1585296721.691022, 2.30713, 19.0966, -0.296038
1585296721.791123, 2.6121, 19.0813, -0.420407
1585296721.891226, 3.06843, 19.0156, -0.497871
1585296721.991247, 3.68418, 18.8503, -0.6269
1585296722.091361, 4.41311, 18.6953, -0.729024
1585296722.191411, 5.1272, 18.5135, -0.836316
1585296722.291606, 5.89182, 18.2789, -0.895215
1585296722.391615, 6.7394, 17.9952, -0.883864
1585296722.491708, 7.56354, 17.6694, -0.901256
1585296722.591824, 8.3707, 17.3272, -0.902296
1585296722.691908, 9.70642, 16.6375, -1.11674
1585296722.791965, 10.6074, 15.9957, -1.28487
1585296722.892029, 11.5406, 15.3067, -1.31975
1585296722.992170, 12.4545, 14.5742, -1.38535
1585296723.092222, 13.3211, 13.7955, -1.41485
1585296723.192296, 14.0807, 13.0339, -1.41039
1585296723.292409, 14.7522, 12.277, -1.39596
1585296723.392476, 15.3854, 11.4659, -1.44157
1585296723.492576, 16.0596, 10.4903, -1.57493
1585296723.592639, 17.0883, 8.81598, -1.83202
1585296723.692742, 17.6188, 7.57, -1.90577
1585296723.792798, 18.091, 6.32986, -1.96913
1585296723.893001, 18.4611, 5.27081, -1.8532
1585296723.993010, 18.7254, 4.38665, -1.66524
1585296724.093113, 18.8985, 3.65669, -1.58644
1585296724.193197, 19.0481, 2.96897, -1.58133
1585296724.293244, 19.1841, 2.26576, -1.60449
1585296724.393372, 19.3149, 1.57488, -1.59744
1585296724.493454, 19.3262, 0.889869, -1.53277
1585296724.593492, 19.3193, 0.342918, -1.45487
1585296724.693575, 19.3221, -0.133358, -1.36012
1585296724.793718, 19.3254, -0.576248, -1.26655
1585296724.893764, 19.3361, -0.766589, -1.18444
1585296724.993862, 19.3344, -0.846221, -1.04271
1585296725.093926, 19.3283, -0.930001, -0.98893
1585296725.194043, 19.3087, -0.899267, -1.03756
1585296725.294148, 19.2859, -0.704153, -1.10289
1585296725.394185, 19.2854, -0.363934, -1.16974
1585296725.494331, 19.3237, 0.229431, -1.23773
1585296725.594377, 19.3067, 1.00681, -1.28486
1585296725.694473, 19.2325, 1.93721, -1.31152
1585296725.794576, 19.0833, 3.0298, -1.31488
1585296725.894626, 18.8405, 4.18051, -1.4105
1585296725.994736, 18.5184, 5.23263, -1.53096
1585296726.094812, 17.943, 6.46548, -1.6634
1585296726.194867, 17.615, 7.63166, -1.75365
1585296726.294986, 17.2089, 8.51582, -1.90211
1585296726.395043, 16.755, 9.34608, -1.99152
1585296726.495203, 16.2364, 10.2319, -1.9744
1585296726.595264, 15.6624, 11.0819, -1.96743
1585296726.695315, 15.042, 11.8991, -1.97397
1585296726.795429, 14.3757, 12.6834, -1.92354
1585296726.895522, 13.3011, 13.6372, -1.9
1585296726.995607, 12.4351, 14.6142, -1.80575
1585296727.095720, 11.4864, 15.4001, -1.6899
1585296727.195753, 10.5626, 16.075, -1.44069
1585296727.295894, 9.60061, 16.6856, -1.29335
1585296727.396096, 8.69149, 17.1578, -1.27701
1585296727.496046, 7.80472, 17.5685, -1.28669
1585296727.596126, 6.85742, 17.922, -1.25372
1585296727.696195, 5.62048, 18.2842, -1.25083
1585296727.796285, 4.87418, 18.6015, -1.17629
1585296727.896365, 4.27004, 18.7648, -1.17331
1585296727.996459, 3.71859, 18.8914, -1.04141
1585296728.096551, 3.17459, 18.9987, -0.956717
1585296728.196646, 2.64528, 19.0728, -0.878731
1585296728.296737, 2.15782, 19.1214, -0.820829
1585296728.396806, 1.80482, 19.147, -0.749614
1585296728.496941, 1.64512, 19.1741, -0.701597
1585296728.596944, 1.55781, 19.1906, -0.792573
1585296728.697188, 1.55747, 19.1929, -0.830969
1585296728.797137, 1.64171, 19.187, -0.816213
1585296728.897270, 1.74437, 19.1791, -0.836799
1585296728.997316, 1.96834, 19.1708, -0.889996
1585296729.097437, 2.34521, 19.1418, -0.891319
1585296729.197487, 2.92132, 19.1078, -0.902328
1585296729.297584, 3.68465, 18.9665, -0.85904
1585296729.397629, 4.5306, 18.7046, -0.713478
1585296729.497709, 5.32801, 18.4874, -0.591793
1585296729.597836, 6.00312, 18.2736, -0.571149
1585296729.697968, 6.81442, 17.971, -0.663436
1585296729.798034, 7.65913, 17.6194, -0.846796
1585296729.898083, 8.5436, 17.2027, -1.06833
1585296729.998194, 9.37393, 16.7729, -1.3643
1585296730.098274, 10.5978, 16.1225, -1.63034
1585296730.198336, 11.5173, 15.3634, -1.607
1585296730.298457, 12.3304, 14.6955, -1.48118
1585296730.398520, 13.1436, 13.98, -1.39836
1585296730.498609, 13.8931, 13.2415, -1.34153
1585296730.598716, 14.593, 12.4628, -1.27206
1585296730.698779, 15.2623, 11.6551, -1.28879
1585296730.798853, 15.8821, 10.7973, -1.45243
1585296730.898950, 16.4599, 9.88409, -1.70952
1585296730.999022, 17.4677, 8.15674, -1.67172
1585296731.099149, 17.9689, 6.926, -1.42127
1585296731.199242, 18.3509, 5.86471, -1.24359
1585296731.299310, 18.6204, 4.97573, -1.10522
1585296731.399382, 18.8209, 4.16999, -1.1061
1585296731.499478, 18.9745, 3.44472, -1.27901
1585296731.599587, 19.0801, 2.83739, -1.45308
1585296731.699707, 19.1595, 2.34343, -1.55257
1585296731.799749, 19.2841, 1.8016, -1.47416
1585296731.899909, 19.3573, 1.15516, -1.2466
1585296731.999972, 19.3524, 0.710065, -1.11411
1585296732.099994, 19.3342, 0.434093, -1.04968
1585296732.200126, 19.3373, 0.254056, -1.01424
1585296732.300195, 19.341, 0.0637507, -0.975737
1585296732.400271, 19.3472, -0.0628566, -0.935751
1585296732.500311, 19.3492, -0.113482, -0.873071
1585296732.600430, 19.3463, -0.150886, -0.84584
1585296732.700537, 19.3356, -0.0873754, -0.819315
1585296732.800644, 19.3393, 0.191012, -0.792711
1585296732.900693, 19.3604, 0.610865, -0.962381
1585296733.000776, 19.343, 1.06671, -1.11682
1585296733.100883, 19.3136, 1.65013, -1.20272
1585296733.200897, 19.2478, 2.35217, -1.21518
1585296733.301050, 19.1353, 3.16231, -1.10129
1585296733.401080, 18.9767, 4.0568, -0.917555
1585296733.501209, 18.7035, 5.08124, -0.765365
1585296733.601271, 18.1661, 6.68942, -0.726858
1585296733.701408, 17.7848, 7.72955, -0.883843
1585296733.801559, 17.3273, 8.67561, -1.05317
1585296733.901525, 16.9121, 9.472, -0.993005
1585296734.001618, 16.4811, 10.1961, -1.08667
1585296734.101697, 15.9288, 11.0352, -1.16074
1585296734.201810, 15.3214, 11.848, -1.16326
1585296734.301918, 14.6836, 12.5457, -1.14639
1585296734.401985, 13.5996, 13.717, -1.32816
1585296734.502081, 12.7555, 14.5217, -1.59433
1585296734.602172, 11.9006, 15.2247, -1.62493
1585296734.702217, 11.1279, 15.8089, -1.48903
1585296734.802347, 10.2752, 16.3983, -1.33243
1585296734.902397, 9.3447, 16.9346, -1.14748
1585296735.002519, 8.52522, 17.3509, -0.951606
1585296735.102718, 7.05047, 17.8544, -1.01125
1585296735.202676, 6.00479, 18.3444, -1.05197
1585296735.302767, 5.2835, 18.587, -1.00032
1585296735.402822, 4.68406, 18.7445, -0.965724
1585296735.502926, 4.17201, 18.862, -0.983891
1585296735.603023, 3.69476, 18.959, -1.07972
1585296735.703091, 3.28369, 19.019, -1.10002
1585296735.803171, 3.02302, 19.0482, -1.02946
1585296735.903294, 2.74249, 19.0817, -1.04271
1585296736.003353, 2.51116, 19.1354, -1.01197
1585296736.103454, 2.44598, 19.1626, -0.984796
1585296736.203524, 2.47591, 19.1547, -0.993634
1585296736.303630, 2.54791, 19.1428, -0.957644
1585296736.403687, 2.79086, 19.0986, -0.910886
1585296736.503776, 3.14942, 19.0613, -0.846313
1585296736.603877, 3.69001, 19.0022, -0.852099
1585296736.704003, 4.485, 18.8513, -0.893135
1585296736.804060, 5.42083, 18.4954, -0.958673
1585296736.904124, 6.30911, 18.1708, -1.14642
1585296737.004262, 7.25809, 17.7918, -1.28956
1585296737.104315, 8.14002, 17.4036, -1.44351
1585296737.204384, 8.91013, 17.016, -1.5955
1585296737.304487, 9.65424, 16.5832, -1.81794
1585296737.404598, 10.469, 16.0844, -1.87101
1585296737.504691, 11.3032, 15.5412, -1.80969
1585296737.604755, 12.6932, 14.4715, -1.72418
1585296737.704836, 13.6071, 13.553, -1.56056
1585296737.804919, 14.4025, 12.6949, -1.55341
1585296737.905002, 15.0886, 11.8615, -1.65805
1585296738.005088, 15.6484, 11.1254, -1.79825
1585296738.105174, 16.1246, 10.4384, -1.80338
1585296738.205254, 16.6126, 9.65975, -1.71227
1585296738.305450, 17.1116, 8.79286, -1.5067
1585296738.405421, 17.5776, 7.91182, -1.43772
1585296738.505583, 18.2447, 6.20768, -1.51038
1585296738.605655, 18.5428, 5.13858, -1.62852
1585296738.705682, 18.7636, 4.26881, -1.81085
1585296738.805780, 18.9029, 3.59507, -1.96601
1585296738.905867, 19.028, 2.92207, -1.97988
1585296739.005960, 19.1563, 2.20191, -1.82354
1585296739.106057, 19.2681, 1.48854, -1.78263
1585296739.206167, 19.3325, 0.97064, -1.88126
1585296739.306232, 19.3413, 0.742155, -1.93238
1585296739.406297, 19.343, 0.444344, -1.95234
1585296739.506385, 19.3108, 0.112754, -1.9792
1585296739.606447, 19.3264, 0.0153445, -1.92365
1585296739.706574, 19.3347, 0.0125052, -1.8415
1585296739.806645, 19.3384, -0.0177282, -1.75536
1585296739.906824, 19.3477, -0.0113207, -1.65844
1585296740.006821, 19.351, 0.115525, -1.54334
1585296740.106914, 19.3069, 0.412267, -1.50666
1585296740.207055, 19.236, 1.29363, -1.6783
1585296740.307057, 19.2458, 2.30427, -1.82116
1585296740.407173, 19.1285, 3.25407, -1.81085
1585296740.507251, 18.9573, 4.2271, -1.59443
1585296740.607354, 18.7221, 5.28814, -1.34581
1585296740.707448, 18.3628, 6.37637, -1.17866
1585296740.807508, 18.0232, 7.22788, -1.02635
1585296740.907585, 17.6527, 8.03597, -0.883645
1585296741.007664, 16.7166, 9.63139, -1.16656
1585296741.107773, 16.0248, 10.8453, -1.39616
1585296741.207849, 15.4128, 11.6665, -1.62099
1585296741.307936, 14.8562, 12.3072, -1.9431
1585296741.408056, 14.3187, 12.925, -2.00927
1585296741.508213, 13.7362, 13.5389, -1.94494
1585296741.608189, 13.237, 14.0379, -1.844
1585296741.708268, 12.5836, 14.5986, -1.87562
1585296741.808468, 11.4316, 15.5145, -1.75984
1585296741.908457, 10.7724, 16.0642, -1.59506
1585296742.008548, 10.0987, 16.537, -1.39221
1585296742.108648, 9.37165, 16.9576, -1.30535
1585296742.208733, 8.68347, 17.3336, -1.12456
1585296742.308837, 8.06131, 17.6192, -0.813189
1585296742.408858, 7.49697, 17.8579, -0.65505
1585296742.508960, 6.51996, 18.117, -0.661865
1585296742.609057, 5.82387, 18.4296, -0.753804
1585296742.709136, 5.5016, 18.575, -0.787447
1585296742.809216, 5.2631, 18.6523, -0.786744
1585296742.909343, 5.01765, 18.7144, -0.889374
1585296743.009423, 4.88307, 18.733, -0.958741
1585296743.109582, 4.81664, 18.7419, -1.07076
1585296743.209613, 4.80641, 18.7422, -1.144
1585296743.309677, 4.84813, 18.737, -1.18864
1585296743.409820, 4.95206, 18.7171, -1.20698
1585296743.509783, 5.16199, 18.6314, -1.25127
1585296743.609956, 5.3512, 18.5752, -1.28421
1585296743.710026, 5.63393, 18.4754, -1.33211
1585296743.810089, 6.09266, 18.3124, -1.4161
1585296743.910231, 6.64046, 18.1246, -1.45407
1585296744.010289, 7.34321, 17.8375, -1.48253
1585296744.110341, 8.26199, 17.4275, -1.61305
1585296744.210471, 9.93896, 16.5573, -1.82027
1585296744.310538, 10.718, 15.9914, -2.10459
1585296744.410628, 11.4597, 15.4161, -2.29435
1585296744.510710, 12.2567, 14.7761, -2.25909
1585296744.610800, 13.0989, 14.0699, -2.13335
1585296744.711004, 13.8601, 13.342, -2.03393
1585296744.810996, 14.688, 12.422, -1.9682
1585296744.911091, 15.5553, 11.3293, -1.95422
1585296745.011184, 16.3621, 10.2238, -1.94175
1585296745.111196, 17.1964, 8.82571, -1.98619
1585296745.211260, 17.539, 8.02113, -2.07277
1585296745.311347, 17.9629, 6.96956, -2.0566
1585296745.411476, 18.3695, 5.7972, -2.04667
1585296745.511574, 18.6981, 4.68611, -1.98536
1585296745.611710, 18.9275, 3.73947, -1.95756
1585296745.711721, 19.1269, 2.76048, -1.94534
1585296745.811841, 19.2727, 2.02784, -1.96306
1585296745.911938, 19.302, 1.80502, -2.0846
1585296746.011952, 19.2955, 1.54216, -2.22402
1585296746.112038, 19.2896, 1.3865, -2.20694
1585296746.212151, 19.2997, 1.40838, -2.14408
1585296746.312258, 19.2974, 1.50847, -2.07459
1585296746.412335, 19.2961, 1.66373, -1.97215
1585296746.512431, 19.2898, 1.88122, -1.84074
1585296746.612497, 19.2383, 2.21717, -1.75291
1585296746.712623, 19.0963, 2.7794, -1.62254
1585296746.812678, 18.9453, 3.57397, -1.66541
1585296746.912786, 18.8341, 4.5411, -1.76186
1585296747.012896, 18.6573, 5.30532, -1.75631
1585296747.112983, 18.4309, 6.06253, -1.72407
1585296747.213033, 18.161, 6.85432, -1.64936
1585296747.313125, 17.8431, 7.64806, -1.50415
1585296747.413199, 17.4908, 8.44373, -1.24854
1585296747.513284, 17.0897, 9.22067, -1.09596
1585296747.613375, 16.0815, 10.685, -1.44948
1585296747.713516, 15.3685, 11.7825, -1.79415
1585296747.813572, 14.7846, 12.507, -1.84525
1585296747.913774, 14.2548, 13.0899, -1.982
1585296748.013724, 13.6275, 13.7846, -1.86993
1585296748.113836, 12.8778, 14.502, -1.5117
1585296748.213958, 12.1202, 15.1647, -1.13469
1585296748.313978, 11.2307, 15.8465, -0.904686
1585296748.414071, 9.34923, 16.9832, -0.923873
1585296748.514146, 8.33636, 17.5045, -1.23929
1585296748.614265, 7.57675, 17.8195, -1.45953
1585296748.714368, 6.91679, 18.0778, -1.58256
1585296748.814440, 6.25846, 18.3051, -1.67941
1585296748.914480, 5.73958, 18.4599, -1.71177
1585296749.014614, 5.31333, 18.592, -1.64202
1585296749.114624, 4.95751, 18.6765, -1.52129
1585296749.214788, 4.61053, 18.7745, -1.49366
1585296749.314839, 4.43105, 18.8488, -1.46185
1585296749.414937, 4.39257, 18.8579, -1.4201
1585296749.515097, 4.39316, 18.8556, -1.42549
1585296749.615128, 4.46436, 18.8369, -1.45075
1585296749.715188, 4.64544, 18.7989, -1.48479
1585296749.815299, 4.9448, 18.7248, -1.52603
1585296749.915396, 5.46902, 18.6326, -1.54186
1585296750.015452, 6.46669, 18.2571, -1.59233
1585296750.115574, 7.35058, 17.876, -1.60605
1585296750.215599, 8.30798, 17.4472, -1.65071
1585296750.315742, 9.23652, 16.9829, -1.66147
1585296750.415839, 10.171, 16.4438, -1.6379
1585296750.515859, 10.9882, 15.9206, -1.7642
1585296750.615961, 11.6244, 15.4498, -1.96538
1585296750.716102, 12.1963, 14.9796, -2.18086
1585296750.816185, 13.0245, 14.3418, -2.06497
1585296750.916273, 14.4591, 12.7995, -1.99232
1585296751.016357, 15.2168, 11.9325, -1.78218
1585296751.116529, 15.8022, 11.1586, -1.57743
1585296751.216529, 16.2778, 10.4619, -1.53676
1585296751.316596, 16.6979, 9.75548, -1.65199
1585296751.416740, 17.0726, 9.04683, -1.87964
1585296751.516800, 17.45, 8.21954, -2.17518
1585296751.616880, 17.8913, 7.28024, -2.27395
1585296751.716960, 18.4598, 5.90001, -2.06654
1585296751.817036, 18.7347, 4.84367, -1.76367
1585296751.917126, 18.9488, 3.96605, -1.56901
1585296752.017228, 19.0976, 3.32301, -1.40183
1585296752.117278, 19.1834, 2.83898, -1.39072
1585296752.217357, 19.2383, 2.46956, -1.4223
1585296752.317430, 19.2826, 2.20602, -1.45973
1585296752.417535, 19.3234, 2.04267, -1.3933
1585296752.517670, 19.3343, 1.95427, -1.34994
1585296752.617728, 19.3428, 1.89355, -1.3028
1585296752.717838, 19.3371, 1.89923, -1.27311
1585296752.817879, 19.3309, 1.98238, -1.27059
1585296752.917978, 19.3202, 2.13928, -1.2329
1585296753.018156, 19.2948, 2.39635, -1.18036
1585296753.118082, 19.2504, 2.76618, -1.16085
1585296753.218231, 19.1634, 3.27484, -1.14364
1585296753.318267, 18.9846, 3.97816, -1.17581
1585296753.418417, 18.6871, 5.02901, -1.2099
1585296753.518448, 18.472, 6.12342, -1.3003
1585296753.618597, 18.1683, 6.98261, -1.48847
1585296753.718638, 17.8519, 7.70705, -1.68032
1585296753.818768, 17.5667, 8.30295, -1.76993
1585296753.918831, 17.2905, 8.84567, -1.82401
1585296754.018939, 16.9832, 9.4146, -1.84432
1585296754.119044, 16.5145, 10.1577, -2.05853
1585296754.219113, 15.5844, 11.3252, -2.30607
1585296754.319258, 14.9489, 12.262, -2.49989
1585296754.419234, 14.3506, 12.9504, -2.69662
1585296754.519349, 13.7952, 13.5235, -2.78099
1585296754.619452, 13.1832, 14.1387, -2.69878
1585296754.719521, 12.5304, 14.7403, -2.44569
1585296754.819670, 11.8643, 15.2968, -2.25016
1585296754.919715, 11.1059, 15.8509, -2.24413
1585296755.019779, 9.60592, 16.7142, -2.0329
1585296755.119862, 8.72152, 17.3185, -1.85743
1585296755.219907, 7.88234, 17.7249, -1.9785
1585296755.320066, 7.03276, 18.073, -1.99481
1585296755.420112, 6.2883, 18.3316, -2.02052
1585296755.520235, 5.78692, 18.5282, -1.87042
1585296755.620285, 5.29925, 18.5978, -2.13707
1585296755.720343, 4.87993, 18.6823, -2.07693
1585296755.820474, 4.57788, 18.7738, -1.97182
1585296755.920624, 4.35063, 18.8719, -1.83046
1585296756.020577, 4.34629, 18.8762, -1.77282
1585296756.120733, 4.28839, 18.8919, -1.7536
1585296756.220882, 4.33864, 18.8647, -1.74975
1585296756.320887, 4.5575, 18.8108, -1.77063
1585296756.420968, 4.85603, 18.7297, -1.77758
1585296756.521067, 5.27686, 18.6653, -1.7355
1585296756.621172, 6.13131, 18.3996, -1.68341
1585296756.721255, 7.09132, 17.9619, -1.60223
1585296756.821330, 8.04861, 17.531, -1.62529
1585296756.921358, 9.02258, 17.0348, -1.72851
1585296757.021503, 10.0704, 16.453, -1.57308
1585296757.121531, 10.9727, 15.8773, -1.6056
1585296757.221621, 11.7251, 15.3331, -1.78131
1585296757.321761, 12.3509, 14.8265, -1.9682
1585296757.421824, 13.0191, 14.2698, -2.10505
1585296757.521932, 14.3593, 12.8793, -2.07912
1585296757.621996, 15.2528, 11.7864, -1.97524
1585296757.722073, 15.9363, 10.8821, -1.8875
1585296757.822228, 16.4286, 10.1626, -1.67437
1585296757.922258, 16.8568, 9.44893, -1.59436
1585296758.022380, 17.2824, 8.61277, -1.70393
1585296758.122437, 17.6818, 7.75336, -1.88095
1585296758.222532, 18.0369, 6.90005, -1.99375
1585296758.322649, 18.5996, 5.48335, -1.97309
1585296758.422662, 18.8597, 4.42469, -1.62509
1585296758.522805, 19.0328, 3.64745, -1.41456
1585296758.622887, 19.1557, 2.96294, -1.36635
1585296758.722956, 19.2207, 2.41615, -1.54178
1585296758.823100, 19.2634, 2.04395, -1.71081
1585296758.923176, 19.2924, 1.78773, -1.80284
1585296759.023187, 19.3162, 1.65824, -1.79828
1585296759.123291, 19.3195, 1.61146, -1.79187
1585296759.223392, 19.3206, 1.65622, -1.71429
1585296759.323491, 19.3256, 1.73196, -1.63468
1585296759.423619, 19.3221, 1.83677, -1.61473
1585296759.523668, 19.3042, 2.00335, -1.59731
1585296759.623752, 19.2773, 2.28782, -1.60442
1585296759.723862, 19.2265, 2.72977, -1.61996
1585296759.823945, 19.1153, 3.37285, -1.60617
1585296759.923989, 18.9243, 4.2161, -1.64269
1585296760.024097, 18.415, 5.62711, -1.79352
1585296760.124154, 18.091, 6.86101, -2.01435
1585296760.224257, 17.7611, 7.68685, -2.10345
1585296760.324344, 17.4073, 8.49539, -1.99577
1585296760.424421, 16.9779, 9.38272, -1.79002
1585296760.524497, 16.5088, 10.2091, -1.56674
1585296760.624614, 15.9075, 11.1212, -1.59858
1585296760.724742, 15.2144, 12.0296, -1.59787
1585296760.824783, 14.1619, 13.0491, -1.73225
1585296760.924907, 13.3749, 13.9697, -1.9751
1585296761.024952, 12.5865, 14.6739, -2.19248
1585296761.125057, 11.8492, 15.2718, -2.23569
1585296761.225118, 11.2096, 15.7716, -2.08898
1585296761.325244, 10.4572, 16.301, -1.94442
1585296761.425288, 9.51339, 16.8702, -1.86688
1585296761.525389, 8.48862, 17.3937, -1.81745
1585296761.625512, 7.09882, 17.8825, -1.72129
1585296761.725581, 6.41348, 18.2217, -1.7442
1585296761.825662, 5.88847, 18.4204, -1.84683
1585296761.925735, 5.51102, 18.5364, -1.74651
1585296762.025843, 5.3763, 18.5908, -1.50253
1585296762.125917, 5.27999, 18.6435, -1.29487
1585296762.225986, 5.07677, 18.7076, -1.16811
1585296762.326175, 4.91673, 18.7509, -1.12111
1585296762.426177, 4.93154, 18.7601, -1.09042
1585296762.526278, 4.92666, 18.7475, -1.08968
1585296762.626401, 4.9044, 18.7538, -1.10121
1585296762.726435, 4.94539, 18.7352, -1.12439
1585296762.826533, 5.0715, 18.6993, -1.09591
1585296762.926620, 5.22584, 18.667, -1.01544
1585296763.026703, 5.49145, 18.5972, -0.905643
1585296763.126761, 5.88593, 18.5217, -0.699684
1585296763.226852, 6.43596, 18.3637, -0.373001
1585296763.326923, 7.19497, 17.9671, 0.106092
1585296763.427139, 8.03347, 17.5628, 0.398479
1585296763.527110, 8.94664, 17.1023, 0.549677
1585296763.627244, 9.65875, 16.7179, 0.603795
1585296763.727317, 10.174, 16.4104, 0.718516
1585296763.827397, 10.5602, 16.1743, 0.715381
1585296763.927553, 10.9027, 15.9566, 0.669505
1585296764.027575, 11.274, 15.7372, 0.455385
1585296764.127604, 11.5575, 15.5356, 0.31032
1585296764.227820, 11.9747, 15.1507, 0.462416
1585296764.327779, 12.3457, 14.8268, 0.588874
1585296764.427872, 12.8532, 14.354, 0.607394
1585296764.527976, 13.5153, 13.7179, 0.685396
1585296764.628046, 14.0674, 13.1656, 0.844535
1585296764.728133, 14.5271, 12.6441, 0.959559
1585296764.828227, 14.9961, 12.1307, 1.06258
1585296764.928329, 15.4344, 11.6546, 1.01528
1585296765.028391, 15.5173, 11.4968, 0.946814
1585296765.128491, 15.4242, 11.6144, 0.900114
1585296765.228548, 15.3236, 11.7445, 0.807647
1585296765.328665, 15.2687, 11.8158, 0.717004
1585296765.428726, 15.174, 11.9427, 0.707888
1585296765.528906, 15.0975, 12.0332, 0.661785
